idx,dtlstatenm,sitewhladdr,rdnwhladdr,bplcnm,lat,lng
1,폐업,서울특별시 강동구 천호동 337-19번지 1층 ,"서울특별시 강동구 올림픽로77길 46-9  (천호동,1층)",금강태권도장,,
2,폐업,서울특별시 강동구 강일동 679-2번지 MIDC빌딩 501호,"서울특별시 강동구 아리수로 421, 501호 (강일동)",강일 복싱,,
3,폐업,서울특별시 강동구 명일동 268-2번지 3층 ,"서울특별시 강동구 양재대로130길 47  (명일동,3층)",경원대대명태권도장,,
4,폐업,서울특별시 강동구 강일동 695번지 리버파크10단지상가 204~206호 ,"서울특별시 강동구 고덕로97길 20  (강일동,리버파크10단지상가 204~206호)",경희대박사태권도,,
5,폐업,서울특별시 강동구 둔촌동 68-12번지 3층 ,"서울특별시 강동구 풍성로65길 55  (둔촌동,3층)",태성태권도,,
6,폐업,서울특별시 강동구 강일동 351-3번지 2층 ,,서울체육관,,
7,폐업,서울특별시 강동구 고덕동 191-5번지 ,서울특별시 강동구 고덕로83길 28  (고덕동),고일태권도,,
8,폐업,서울특별시 강동구 상일동 126-0번지 3층 ,,한국시각장애인복지회,,
9,폐업,서울특별시 강동구 강일동 674번지 강일리버파크 상가동 204~206호 ,"서울특별시 강동구 아리수로93길 40  (강일동,강일리버파크 상가동 204~206호)",경희박사스포츠,,
10,폐업,서울특별시 강동구 길동 333-2번지 지하1층 ,"서울특별시 강동구 양재대로124길 25, 지하1층 (길동)",왕호태권도,,
11,폐업,서울특별시 강동구 상일동 283-0번지 2층 ,"서울특별시 강동구 천호대로219길 68  (상일동,2층)",신화랑태권도체육도장,,
12,폐업,서울특별시 강동구 성내동 120-84번지 2층 ,"서울특별시 강동구 풍성로 104  (성내동,2층)",대한태권도,,
13,폐업,서울특별시 강동구 강일동 717번지 고덕리엔파크 2단지아파트 상가동 202호,"서울특별시 강동구 고덕로 427 (강일동, 고덕리엔파크 아파트 2단지 상가 202호)",강명 경희대 태권스쿨,,
14,폐업,서울특별시 강동구 둔촌동 380-3번지 2층 ,,용인대석사태권도,,
15,폐업,서울특별시 강동구 둔촌동 172-1번지 ,"서울특별시 강동구 명일로 74 (둔촌동, 주공아파트)",제일태권도,,
16,폐업,서울특별시 강동구 고덕동 0-0번지 531-6  2층 ,,태극호키체육관,,
17,폐업,서울특별시 강동구 명일동 48-6번지 ,서울특별시 강동구 동남로 885  (명일동),에디슨체육관,,
18,폐업,서울특별시 강동구 명일동 246-5번지 3층 ,서울특별시 강동구 상암로61길 28 (명일동),석사체육관,,
19,폐업,서울특별시 강동구 성내동 26-2번지 2층 ,"서울특별시 강동구 천호대로162길 42  (성내동,2층)",성내중앙체육관,,
20,폐업,서울특별시 강동구 강일동 679 ,서울특별시 강동구 아리수로 427 (강일동),골든킥 태권도 유아체육,,
21,폐업,서울특별시 강동구 둔촌동 54번지 삼익파크상가 2층 ,"서울특별시 강동구 명일로13길 12  (둔촌동,삼익파크상가 2층)",경희화랑체육관,,
22,폐업,서울특별시 강동구 암사동 487-37번지 2층 ,"서울특별시 강동구 구천면로 335  (암사동,2층)",천호태권도,,
23,폐업,서울특별시 강동구 천호동 397-99번지 2층 ,"서울특별시 강동구 구천면로34길 10  (천호동,2층)",한국체대태권도체육관,,
24,폐업,서울특별시 강동구 길동 348-1번지 3층 ,서울특별시 강동구 양재대로 1514 (길동),천지체육관,,
25,폐업,서울특별시 강동구 천호동 393-7번지 2층 ,"서울특별시 강동구 구천면로 251  (천호동,2층)",태권도코리아아카데미,,
26,폐업,서울특별시 강동구 명일동 309-1번지 삼익1차상가 3층 ,"서울특별시 강동구 양재대로 1666, 307호 (명일동, 삼익1차상가)",태풍태권도,,
27,폐업,서울특별시 강동구 암사동 475번지 3층 ,"서울특별시 강동구 암사길 60  (암사동,3층)",명일태권도체육관,,
28,폐업,서울특별시 강동구 둔촌동 산 1-1번지 삼익파크상가 3층동 302호,,경희체육관,,
29,폐업,서울특별시 강동구 성내동 77-37 지층 ,"서울특별시 강동구 올림픽로 630 (성내동, 양서빌딩)",마을 체육관,,
30,폐업,서울특별시 강동구 둔촌동 41-17번지 2층 ,"서울특별시 강동구 동남로49길 67-28 (둔촌동,2층)",경희대한미태권도,,
31,폐업,서울특별시 강동구 둔촌동 148-7 ,서울특별시 강동구 명일로 108 (둔촌동),한산태권도,,
32,폐업,서울특별시 강동구 성내동 77-37번지 지층 ,"서울특별시 강동구 올림픽로 630  (성내동,지층)",마을 체육관,,
33,폐업,서울특별시 강동구 암사동 414-2번지 강동아파트1단지다동상가204 ,"서울특별시 강동구 고덕로 131  (암사동,강동아파트1단지다동상가204)",은행태권도체육관,,
34,폐업,서울특별시 강동구 성내동 503-5 3층 ,"서울특별시 강동구 성안로13길 30 (성내동, 리빌딩)",위너 태권도,,
35,폐업,서울특별시 강동구 상일동 124-1번지 ,서울특별시 강동구 구천면로93길 54  (상일동),경희대태권도체육관,,
36,폐업,서울특별시 강동구 고덕동 694 고덕그라시움(제4상가) ,"서울특별시 강동구 고덕로 385, 고덕그라시움(제4상가) 지하1층 (고덕동)",피트니스에이치,,
37,폐업,서울특별시 강동구 성내동 320-7 ,"서울특별시 강동구 천호옛길 14, 지하1층 (성내동)",아이언피스트 멀티짐,,
38,영업중,서울특별시 강동구 성내동 397-6 ,"서울특별시 강동구 양재대로 1393, 지층 (성내동)",미르메,,
39,영업중,서울특별시 강동구 둔촌동 75-6 ,"서울특별시 강동구 진황도로 190, 6층 (둔촌동)",한국체대우리태권도,,
40,영업중,서울특별시 강동구 상일동 458-4 ,"서울특별시 강동구 상암로 425, 2층 (상일동)",상일유도스쿨,,
41,영업중,서울특별시 강동구 천호동 393-43 신성빌딩 ,"서울특별시 강동구 구천면로 250, 신성빌딩 5층 (천호동)",캡틴복싱클럽,,
42,영업중,서울특별시 강동구 상일동 268 ,"서울특별시 강동구 상일로 31-1, 2층 (상일동)",한국위너복싱 상일동점,,
43,영업중,서울특별시 강동구 고덕동 201-2 ,서울특별시 강동구 상일로 129 (고덕동),고덕검도관,,
44,영업중,서울특별시 강동구 고덕동 256 ,"서울특별시 강동구 동남로82길 97, 4층 (고덕동)",수 파워점핑 줄넘기 태권도장,,
45,영업중,서울특별시 강동구 고덕동 225번지 ,"서울특별시 강동구 동남로82길 121, 2층 (고덕동)",용인대 영웅태권도,,
46,영업중,서울특별시 강동구 고덕동 212 고덕그라시움아파트 ,"서울특별시 강동구 고덕로 333, 3층 321, 322호 (고덕동, 고덕그라시움아파트)",태권쏭(태권도장),,
47,영업중,서울특별시 강동구 고덕동 217 고덕그라시움아파트 ,"서울특별시 강동구 고덕로 353, 고덕그라시움종합상가 216호 (고덕동)",VTA 태권도장,,
48,영업중,서울특별시 강동구 성내동 429-10번지 ,"서울특별시 강동구 양재대로89길 13, 3층 (성내동)",강동와이어주짓수,,
49,영업중,서울특별시 강동구 강일동 70-8 성산타워2 206호,"서울특별시 강동구 아리수로93나길 80, 성산타워2 206호 (강일동)",경희대효태권도장,,
50,영업중,서울특별시 강동구 천호동 4-2 세일빌딩 4층,"서울특별시 강동구 구천면로 376, 세일빌딩 4층 (천호동)",마루검도관,,
51,영업중,서울특별시 강동구 강일동 675 베스트프라자 ,"서울특별시 강동구 아리수로93길 33, 베스트프라자 801호 (강일동)",원 복싱,,
52,영업중,서울특별시 강동구 성내동 296-1번지 ,"서울특별시 강동구 풍성로38길 13, 2층 (성내동)",예건태권스쿨,,
53,영업중,서울특별시 강동구 성내동 423-13 석영빌딩 ,"서울특별시 강동구 양재대로91길 77, 석영빌딩 2층 (성내동)",정무도장,,
54,영업중,서울특별시 강동구 상일동 513 고덕센트럴 IPARK(A상가) 2층 210-1호 ,"서울특별시 강동구 고덕로80길 123, 고덕센트럴 IPARK(A상가) 2층 210-1호 (상일동)",경희대 SKY 태권도장,,
55,영업중,서울특별시 강동구 암사동 450-13 용성빌딩 ,"서울특별시 강동구 고덕로27길 19, 용성빌딩 3층 (암사동)",K태권스쿨,,
56,영업중,서울특별시 강동구 암사동 473-15 ,"서울특별시 강동구 암사길 41, 2층 (암사동)",플렉스복싱PT암사,,
57,영업중,서울특별시 강동구 상일동 121 고덕아르테온아파트 ,"서울특별시 강동구 고덕로 360, 2층 (상일동, 고덕아르테온아파트)",태권쏭(태권도장),,
58,영업중,서울특별시 강동구 천호동 456-9 ,"서울특별시 강동구 천호대로 991, 3층 (천호동)",기공태극권,,
59,폐업,서울특별시 강동구 천호동 409-36,"서울특별시 강동구 진황도로 4-7, 천호동 3층 (천호동)",대가 유도관,,
60,영업중,서울특별시 강동구 고덕동 258-10 2층 ,"서울특별시 강동구 동남로82길 91, 2층 (고덕동)",강일S짐 복싱클럽 명희관,,
61,영업중,서울특별시 강동구 강일동 76-7 MK프라자 ,"서울특별시 강동구 아리수로93나길 50, MK프라자 5층 (강일동)",퍼스트 태권도장,,
62,영업중,서울특별시 강동구 고덕동 645-4 ,"서울특별시 강동구 동남로81길 86, 2층 (고덕동)",고덕 호림 합기도,,
63,영업중,서울특별시 강동구 천호동 233-34 인성빌딩 ,"서울특별시 강동구 구천면로 328, 인성빌딩 2층 (천호동)",명지대동문 합기도 연무관,,
64,영업중,서울특별시 강동구 강일동 75-10 골드프라자 ,"서울특별시 강동구 아리수로93나길 60, 골드프라자 (강일동)",수 파워점핑(강일점),,
65,영업중,서울특별시 강동구 천호동 106-1 ,"서울특별시 강동구 천중로29길 32, 2층 (천호동)",GMT 대동무예스쿨,,
66,폐업,서울특별시 강동구 강일동 75-10 골드프라자,"서울특별시 강동구 아리수로93나길 60, 골드프라자 5층 (강일동)",FTC 호림 합기도,,
67,영업중,서울특별시 강동구 성내동 416-4,"서울특별시 강동구 양재대로 1367, 지하층 1호,2호중호 (성내동)",승관유도관,,
68,영업중,서울특별시 강동구 성내동 77-37 양서빌딩,"서울특별시 강동구 올림픽로 630, 양서빌딩 지층 (성내동)",마을 유도관,,
69,영업중,서울특별시 강동구 고덕동 643-5 ,서울특별시 강동구 동남로81길 50 (고덕동),고덕 파워점핑 줄넘기 전문클럽 and 태권도,,
70,영업중,서울특별시 강동구 명일동 312-98 ,"서울특별시 강동구 양재대로 1636, 유란빌딩 -1층 (명일동)",위스타트복싱,,
71,영업중,서울특별시 강동구 둔촌동 77-3 ,"서울특별시 강동구 진황도로 170, 3층 (둔촌동)",합기도 호림관,,
72,영업중,서울특별시 강동구 암사동 446-18 지하1층 ,"서울특별시 강동구 고덕로 85, 지하1층 (암사동)",Bee복싱짐,,
73,영업중,서울특별시 강동구 천호동 339 2층 ,서울특별시 강동구 구천면로13길 28 (천호동),천호동아태권도체육관,,
74,영업중,서울특별시 강동구 명일동 270번지 ,"서울특별시 강동구 상암로 214, 201, 202, 203호 (명일동, 삼익맨션)",한국체대 가온 태권스쿨,,
75,영업중,서울특별시 강동구 암사동 488-32 ,서울특별시 강동구 구천면로 319 (암사동),경희대 천호태권도,,
76,영업중,서울특별시 강동구 상일동 286-0번지 ,서울특별시 강동구 천호대로221길 37 (상일동),새암체육관,,
77,영업중,서울특별시 강동구 암사동 414-18 강동롯데캐슬퍼스트아파트 상가동 4층 412호 ,"서울특별시 강동구 고덕로 133 (암사동, 강동롯데캐슬퍼스트아파트)",효경희대석사태권도,,
78,영업중,서울특별시 강동구 둔촌동 618-13 연새중앙어린이집 ,"서울특별시 강동구 동남로49길 60-4, 연새중앙어린이집 (둔촌동)",나라찬 태권도,,
79,영업중,서울특별시 강동구 성내동 27-12 ,서울특별시 강동구 천호옛12길 57 (성내동),경희대희망태권도장,,
80,영업중,서울특별시 강동구 천호동 362-64 ,서울특별시 강동구 천중로16길 34 (천호동),국일태권도장,,
81,영업중,서울특별시 강동구 천호동 122-1번지 ,서울특별시 강동구 성안로 201 (천호동),인성체육관,,
82,영업중,서울특별시 강동구 둔촌동 622-6 3층 ,서울특별시 강동구 명일로12길 10 (둔촌동),선린 K태권스쿨,,
83,영업중,서울특별시 강동구 명일동 44 ,"서울특별시 강동구 고덕로62길 지하 48 (명일동, 신동아아파트)",탑복싱클럽,,
84,영업중,서울특별시 강동구 명일동 47 ,"서울특별시 강동구 고덕로62길 지하 27 (명일동, 명일삼환아파트)",가온검도관,,
85,영업중,서울특별시 강동구 고덕동 307 ,"서울특별시 강동구 고덕로61길 34, 2층 (고덕동)",힘찬태권도,,
86,영업중,서울특별시 강동구 상일동 286번지 ,"서울특별시 강동구 천호대로221길 37, -1층 (상일동)",세계로새암태권도,,
87,영업중,서울특별시 강동구 성내동 595 코오롱 2차아파트 204호,"서울특별시 강동구 올림픽로 572, 204호 (성내동, 코오롱 2차아파트)",ITC태권도장,,
88,영업중,서울특별시 강동구 암사동 488-30 2층 ,"서울특별시 강동구 구천면로 323 (암사동, 개나리프라자)",비전태권도,,
89,영업중,서울특별시 강동구 길동 133-3 3층 ,"서울특별시 강동구 명일로16길 25, 3층 (길동)",한국체대석사 태풍태권도장,,
90,영업중,서울특별시 강동구 천호동 294-27 3층 ,"서울특별시 강동구 구천면로 283 (천호동, 삼원빌딩)",(직)천호검도체육관,,
91,영업중,서울특별시 강동구 천호동 25-15 ,서울특별시 강동구 양재대로 1603 (천호동),이승원 유도관(강동점),,
92,영업중,서울특별시 강동구 천호동 28-28 ,"서울특별시 강동구 양재대로133길 41, 2층 (천호동)",건국태권도장,,
93,영업중,서울특별시 강동구 고덕동 688 ,"서울특별시 강동구 아리수로50길 50 (고덕동, 래미안힐스테이트고덕)",KTIGERS 태동태권도장,,
94,영업중,서울특별시 강동구 암사동 452 ,"서울특별시 강동구 고덕로 96, 2층 (암사동)",K태권스쿨,,
95,영업중,서울특별시 강동구 고덕동 503 ,서울특별시 강동구 동남로81길 44 (고덕동),한국체대 김근태 태권도,,
96,영업중,서울특별시 강동구 성내동 77-39 지층 ,"서울특별시 강동구 올림픽로 626, 지층 (성내동)",용인대SM복싱클럽 천호역점,,
97,영업중,서울특별시 강동구 명일동 41 ,서울특별시 강동구 구천면로 475 (명일동),튼튼태권도장,,
98,영업중,서울특별시 강동구 암사동 452-8번지 2층 ,서울특별시 강동구 고덕로24길 9 (암사동),경용태권도,,
99,영업중,서울특별시 강동구 천호동 317-2 3층 ,서울특별시 강동구 올림픽로91길 33 (천호동),화랑 태권도장,,
100,영업중,서울특별시 강동구 길동 347-2 4층 ,서울특별시 강동구 양재대로 1526 (길동),예덕검도관,,
101,영업중,"서울특별시 강동구 명일동 00번지 329번지1,2호 2층호","서울특별시 강동구 구천면로 446, 2층 (명일동)",경희이기성태권도,,
102,영업중,서울특별시 강동구 고덕동 688번지 ,"서울특별시 강동구 아리수로50길 50 (고덕동, 래미안힐스테이트고덕)",용인대 CTA 태권도장,,
103,영업중,서울특별시 강동구 성내동 428-4 ,서울특별시 강동구 양재대로91길 11 (성내동),문성길복싱클럽,,
104,영업중,서울특별시 강동구 길동 359-23 2층 ,서울특별시 강동구 천중로52길 50 (길동),(직)용인대광동태권도,,
105,영업중,서울특별시 강동구 고덕동 256-5번지 3층 ,서울특별시 강동구 동남로82길 111 (고덕동),고덕 K태권스쿨,,
106,영업중,서울특별시 강동구 성내동 543-7 3층 ,"서울특별시 강동구 성안로7길 37, 3층 (성내동)",고려대 솔빛 태권도,,
107,영업중,서울특별시 강동구 길동 92 신동아상가 1층 ,"서울특별시 강동구 명일로 260 (길동, 신동아아파트)",용인대경일본관,,
108,영업중,서울특별시 강동구 둔촌동 546 신성둔촌미소지움 ,"서울특별시 강동구 명일로 104, 신성둔촌미소지움 3층 (둔촌동)",용인대석사백인태권도장,,
109,영업중,서울특별시 강동구 둔촌동 517-4 광안빌딩 3층 ,"서울특별시 강동구 양재대로 1376 (둔촌동, 광안빌딩)",한남 권투,,
110,영업중,서울특별시 강동구 암사동 475 3층 ,서울특별시 강동구 암사길 60 (암사동),용인대명일태권도,,
111,영업중,서울특별시 강동구 상일동 490 외 1필지 고덕리엔파크3단지 상가1동 2층 ,"서울특별시 강동구 상일로 74 (상일동, 고덕리엔파크3단지아파트)",강명경희대 태권도장,,
112,영업중,"서울특별시 강동구 강일동 679 중앙프라자 3층 303, 304호 ","서울특별시 강동구 아리수로 427, 중앙프라자 3층 303, 304호 (강일동)",MTA 마스터 태권도,,
113,영업중,서울특별시 강동구 강일동 675-4 골드프라자 301호,"서울특별시 강동구 아리수로93길 9 (강일동, 골드프라자)",용인대스카이태권도,,
114,영업중,서울특별시 강동구 천호동 280-6 3층 ,서울특별시 강동구 구천면로 258 (천호동),경희대청무체육관,,
115,영업중,서울특별시 강동구 길동 142-2 2층 ,서울특별시 강동구 명일로 210 (길동),승리 태권도,,
116,영업중,서울특별시 강동구 성내동 384-18 2층 ,서울특별시 강동구 성안로 107 (성내동),김정범파워복싱클럽,,
117,영업중,서울특별시 강동구 성내동 320-9 지층 ,서울특별시 강동구 천호옛길 16 (성내동),강동검도관,,
118,영업중,서울특별시 강동구 명일동 312-75 ,서울특별시 강동구 양재대로143길 5 (명일동),용마쿵후(우슈)체육관,,
119,영업중,서울특별시 강동구 암사동 469-8 ,"서울특별시 강동구 암사길 19 (암사동, 선진빌딩)",엄지태권도체육관,,
120,영업중,서울특별시 강동구 길동 391-5 3층,서울특별시 강동구 양재대로 1482 (길동),복싱브로스 길동점,,
121,영업중,서울특별시 강동구 성내동 432-22 3층 ,서울특별시 강동구 강동대로53길 73 (성내동),팡팡태권도장,,
122,영업중,서울특별시 강동구 암사동 505-1번지 영복빌딩 지층 ,"서울특별시 강동구 상암로3길 86 (암사동, 영복빌딩)",검도도장 성심관,,
123,영업중,서울특별시 강동구 성내동 293-10번지 3층 ,서울특별시 강동구 풍성로 112 (성내동),명성K태권스쿨(태권도장),,
124,영업중,서울특별시 강동구 명일동 312-237 지하 ,서울특별시 강동구 양재대로141길 9 (명일동),용인대 SM 복싱클럽 명일점,,
125,영업중,서울특별시 강동구 명일동 344-10 지층 ,"서울특별시 강동구 상암로 197 (명일동, 현대자동차 공업사)",권창재 복싱클럽,,
126,영업중,서울특별시 강동구 명일동 305-3번지 2층 ,서울특별시 강동구 고덕로 162 (명일동),한체대석사명성태권도,,
127,영업중,서울특별시 강동구 천호동 304-33 2층 ,서울특별시 강동구 천중로17길 37 (천호동),원 탑 태권도,,
128,영업중,서울특별시 강동구 상일동 산 2-1 강일노블레스(501~504호) ,"서울특별시 강동구 고덕로98길 99, 강일노블레스 5층 501~504호 (상일동)",미르나래 MBA 태권도장,,
129,영업중,서울특별시 강동구 천호동 287 ,"서울특별시 강동구 올림픽로 770, 3층 (천호동)",럭키 권투 체육관,,
130,영업중,서울특별시 강동구 암사동 509 선사현대아파트 ,"서울특별시 강동구 상암로 11, 상가동 2층 203호 (암사동, 선사현대아파트)",경희대 석사 태권도,,
131,영업중,서울특별시 강동구 암사동 414-18 ,"서울특별시 강동구 고덕로 133, 4층 (암사동, 강동롯데캐슬퍼스트아파트)",경희대석사태권도&강동경희점핑클럽,,
132,영업중,서울특별시 강동구 길동 364-12 ,서울특별시 강동구 양재대로116길 29 (길동),길동경희태권도(승리태권도),,
133,영업중,서울특별시 강동구 암사동 511-19번지 ,서울특별시 강동구 상암로 지하 24 (암사동),엑스오짐,,
134,영업중,서울특별시 강동구 천호동 528-2 삼성아파트상가 301호호,"서울특별시 강동구 성안로25길 6 (천호동, 삼성아파트)",삼성태권도장,,
135,영업중,서울특별시 강동구 성내동 419-26 2층201호 ,"서울특별시 강동구 양재대로91길 50 (성내동, 동아3차아파트)",으뜸태권도,,
136,영업중,서울특별시 강동구 천호동 46-1 2층 ,"서울특별시 강동구 양재대로125길 35 (천호동, 대영빌딩)",경희대화랑태권도,,
137,영업중,서울특별시 강동구 천호동 273-8,"서울특별시 강동구 구천면로 267 (천호동, 신우빌딩)",검도교실경당,,
138,영업중,서울특별시 강동구 천호동 340-34 ,"서울특별시 강동구 올림픽로 683 (천호동, 명화빌딩)",탑권투체육관,,
139,영업중,서울특별시 강동구 천호동 454 (5층) ,"서울특별시 강동구 천호대로 1021 (천호동, 덕성빌딩)",강동천호복싱다이어트,,
140,영업중,서울특별시 강동구 천호동 309-8 2층 ,"서울특별시 강동구 천중로15가길 1 (천호동, 선문빌딩)",강동 신화 태권도장,,
141,영업중,서울특별시 강동구 명일동 28 상가 지층 27~30호 ,"서울특별시 강동구 고덕로38길 210 (명일동, 삼익그린맨션)",자이언트스포츠클럽,,
142,영업중,서울특별시 강동구 성내동 544-17 201호,"서울특별시 강동구 성내로15길 12, 201호 (성내동)",점핑클럽,,
143,영업중,서울특별시 강동구 명일동 353-4 ,"서울특별시 강동구 양재대로 1564, 4층 (명일동)",YM복싱클럽,,
144,영업중,"서울특별시 강동구 상일동 524 5층 503, 504호 503,호","서울특별시 강동구 상일로12길 99, 5층 503, 504호 (상일동)",멘토태권 키즈짐,,
145,영업중,서울특별시 강동구 명일동 15 삼익그린쇼핑센타3층 ,"서울특별시 강동구 명일로 375 (명일동, 삼익그린맨션)",명품 태권도,,
146,영업중,서울특별시 강동구 길동 474 GS길동자이아파트 상가동 204호,"서울특별시 강동구 천호대로199길 10 (길동, GS길동자이아파트)",백호태권도장,,
147,영업중,서울특별시 강동구 성내동 590 4통3반 ,"서울특별시 강동구 풍성로 128 (성내동, 성내동삼성아파트)",고려태권아카데미,,
148,영업중,서울특별시 강동구 천호동 86-7 2층 ,서울특별시 강동구 구천면로42길 65 (천호동),태사모 태권도 아카데미,,
149,영업중,서울특별시 강동구 암사동 413 현대대림아파트상가 405호 ,"서울특별시 강동구 고덕로 130 (암사동, 프라이어팰리스)",올림픽태권도,,
150,영업중,서울특별시 강동구 암사동 462-9 우전빌딩 ,"서울특별시 강동구 고덕로 40, 우전빌딩 5층 (암사동)",암사경원대선사태권도,,
151,영업중,서울특별시 강동구 암사동 504-26 ,"서울특별시 강동구 올림픽로 801 (암사동, 흙빌딩)",하랑태권도,,
152,영업중,서울특별시 강동구 성내동 518 2층 ,서울특별시 강동구 풍성로 162 (성내동),동성태비태권도,,
153,영업중,서울특별시 강동구 명일동 47-6,서울특별시 강동구 동남로75길 13-7 (명일동),상무S복싱클럽,,
154,영업중,서울특별시 강동구 고덕동 191-4 4층 ,"서울특별시 강동구 고덕로83길 28 (고덕동, 백두쇼핑센타)",고일태권도,,
155,영업중,서울특별시 강동구 성내동 538-9 2층(202호) ,"서울특별시 강동구 성내로3길 16 (성내동, 2층(202호))",예건태권스쿨,,
156,영업중,서울특별시 강동구 성내동 384-18 ,"서울특별시 강동구 성안로 107, 3층 (성내동)",용인대 강동유도관,,
157,영업중,서울특별시 강동구 길동 343-16 ,서울특별시 강동구 천중로 227 (길동),한미태권도,,
158,영업중,서울특별시 강동구 고덕동 645-5 2층 ,"서울특별시 강동구 동남로81길 82 (고덕동, 2층)",실전경찰태권도,,
159,영업중,서울특별시 강동구 강일동 76-2 아이메디컬 ,"서울특별시 강동구 아리수로93나길 38, 아이메디컬 5층 (강일동)",국가대표 부부 강빛태권도장,,
160,영업중,서울특별시 강동구 길동 94 ,"서울특별시 강동구 명일로 248, 3층 (길동)",국호 무술관,,
161,영업중,서울특별시 강동구 암사동 452-15 ,"서울특별시 강동구 고덕로 102, 2층 (암사동)",강동구 팀파이터(합기도/종합격투기),,
162,영업중,서울특별시 강동구 명일동 312-117 ,"서울특별시 강동구 고덕로38길 26, 2층 (명일동)",드림 합기도,,
163,영업중,서울특별시 강동구 강일동 76-11 성산타워 ,"서울특별시 강동구 아리수로93나길 26, 성산타워 5층 (강일동)",한국체대 블랙벨트 태권도장,,
164,영업중,서울특별시 강동구 상일동 224 ,"서울특별시 강동구 구천면로 666, 01층 (상일동)",국가대표 파워 점핑 줄넘기 전문클럽 경희대 홍 태권도장,,
165,영업중,서울특별시 강동구 강일동 675-1 강일타워 ,"서울특별시 강동구 아리수로93길 27, 강일타워 5층 (강일동)",해성합기도,,
166,영업중,서울특별시 강동구 길동 438 4층 ,"서울특별시 강동구 양재대로 1450, 4층 (길동)",용인대SM복싱클럽 길동점,,
167,영업중,서울특별시 강동구 고덕동 159-5 2층 ,"서울특별시 강동구 고덕로83길 132, 2층 (고덕동)",국가대표 김재봉 주짓수 앤 태권도장,,
168,영업중,서울특별시 강동구 둔촌동 170-1 2층 2032~2034호 ,"서울특별시 강동구 양재대로 1360, 2층 2032~2034호 (둔촌동)",올림픽파크포레온 제일태권도,,
169,영업중,서울특별시 강동구 성내동 417-51 명성빌딩 지하1층 ,"서울특별시 강동구 풍성로54길 23, 명성빌딩 지하1층 (성내동)",김형기 유도관 강동점,,
170,영업중,서울특별시 강동구 둔촌동 170-1 3층 3068호,"서울특별시 강동구 양재대로 1360, 3층 3068호 (둔촌동)",CTA퍼스트 태권도장,,
171,직권말소,서울특별시 강동구 천호동 566 천호태영아파트 ,"서울특별시 강동구 천호대로 1055 (천호동, 천호태영아파트)",팀허니배저,,
172,직권말소,서울특별시 강동구 고덕동 646-0 지층 ,서울특별시 강동구 동남로81길 100 (고덕동),태학당,,
173,직권말소,서울특별시 강동구 길동 381-11번지 ,"서울특별시 강동구 천중로40길 50 (길동, 민영빌딩)",팀백호,,
174,직권말소,서울특별시 강동구 고덕동 200-3 ,서울특별시 강동구 상일로15길 6 (고덕동),숭무검도관,,
175,직권말소,서울특별시 강동구 고덕동 산 100-1 현대고덕종합상가3층 307동 ,,고덕태권도체육도장,,
176,직권말소,서울특별시 강동구 명일동 345-20 4층 ,"서울특별시 강동구 양재대로 1588 (명일동, 연우빌딩)",아이엠태권도,,
177,직권말소,서울특별시 강동구 상일동 282-4 2층 ,서울특별시 강동구 상일로5길 23 (상일동),상일태권도,,
178,직권말소,서울특별시 강동구 천호동 399-49번지 ,서울특별시 강동구 천중로18길 70 (천호동),심무체육관,,
179,직권말소,서울특별시 강동구 둔촌동 50-1 2층 ,서울특별시 강동구 명일로 171 (둔촌동),강동제일태권도,,
180,직권말소,서울특별시 강동구 명일동 70-0 ,서울특별시 강동구 구천면로 504 (명일동),생활스포츠교육원,,
181,직권말소,서울특별시 강동구 명일동 328-2 ,서울특별시 강동구 구천면로 438 (명일동),강동중앙검도관,,
182,직권말소,서울특별시 강동구 천호동 237-2번지 2층 ,서울특별시 강동구 구천면로 286 (천호동),강동복싱체육관,,
183,직권말소,서울특별시 강동구 성내동 381-25 2층 ,서울특별시 강동구 양재대로103길 37 (성내동),성내국일태권도장,,
184,직권말소,서울특별시 강동구 암사동 462-1 4층 ,"서울특별시 강동구 올림픽로 824, 4층 (암사동)",선사다이어트 복싱클럽,,
185,직권말소,서울특별시 강동구 성내동 296-1 2층 ,서울특별시 강동구 풍성로38길 13 (성내동),현무태권도스쿨,,
186,직권말소,서울특별시 강동구 길동 169-5 3층 ,,신동아태권도,,
187,직권말소,서울특별시 강동구 상일동 124 6단지상가 213호 ,"서울특별시 강동구 구천면로 669 (상일동, 고덕주공아파트)",(직) 서울 태권도,,
188,직권말소,서울특별시 강동구 천호동 382-4 ,서울특별시 강동구 구천면로33길 40-7 (천호동),성내국일태권도장,,
189,직권말소,서울특별시 강동구 성내동 416-1 ,서울특별시 강동구 양재대로 1371 (성내동),선린유도회관,,
190,직권말소,서울특별시 강동구 강일동 676 강일프라자 401호 ,서울특별시 강동구 아리수로93가길 33-9 (강일동),행복한동행 KTI용인대강일태권도,,
191,직권말소,서울특별시 강동구 천호동 292-3번지 13통8반 2층 ,서울특별시 강동구 구천면로41길 22 (천호동),강동체육관,,
192,직권말소,서울특별시 강동구 성내동 293-10 3층 ,서울특별시 강동구 풍성로 112 (성내동),경희태권도,,
193,직권말소,서울특별시 강동구 명일동 70 ,서울특별시 강동구 구천면로 504 (명일동),호심검도관,,
194,직권말소,서울특별시 강동구 천호동 314-37번지 5층 ,"서울특별시 강동구 올림픽로 726 (천호동, SHIMS빌딩)",황재용 복싱다이어트,,
195,직권말소,서울특별시 강동구 명일동 315-13 4층 ,서울특별시 강동구 구천면로 427 (명일동),경원대석사국일태권도,,
196,직권말소,서울특별시 강동구 고덕동 256 ,"서울특별시 강동구 동남로82길 97, 4층 (고덕동, 대동빌딩)",MTA 태권도,,
197,직권말소,서울특별시 강동구 둔촌동 50-1 ,서울특별시 강동구 명일로 171 (둔촌동),KAF멀티짐,,
198,직권말소,서울특별시 강동구 길동 54번지 ,"서울특별시 강동구 양재대로128길 53 (길동, 삼익파크)",무예청전수관(검도),,
199,직권말소,서울특별시 강동구 고덕동 645-4 지층 ,서울특별시 강동구 동남로81길 86 (고덕동),고덕 경희 유도관,,
200,직권말소,서울특별시 강동구 고덕동 258-10 ,서울특별시 강동구 동남로82길 91 (고덕동),고덕경희체육관,,
201,직권말소,서울특별시 강동구 암사동 473-15 3층 ,서울특별시 강동구 암사길 41 (암사동),진무MMA태권도,,
202,직권말소,서울특별시 강동구 성내동 410-29 2층 ,서울특별시 강동구 풍성로 187 (성내동),동부태권도,,
203,직권말소,서울특별시 강동구 성내동 427-51 2층 ,서울특별시 강동구 풍성로54길 41 (성내동),나래태권도 교육관. 줄넘기 클럽,,
204,직권말소,서울특별시 강동구 천호동 22-3 3층 ,서울특별시 강동구 구천면로 382 (천호동),경희대챔피언체육관,,
205,직권말소,서울특별시 강동구 천호동 335-45번지 지하 ,"서울특별시 강동구 구천면로15길 33 (천호동, 더헤리움)",우수 태권도 체육관,,
206,직권말소,서울특별시 강동구 성내동 431 3층 ,서울특별시 강동구 양재대로89길 61 (성내동),성일태권도,,
207,영업중,서울특별시 강서구 가양동 1474 대림경동아파트 상가동 304호,"서울특별시 강서구 허준로 121, 304호 (가양동, 대림경동아파트 상가동)",한국체대탑산태권도,,
208,영업중,서울특별시 도봉구 방학동 720-1 대상타운현대아파트,"서울특별시 도봉구 마들로 624, 대상타운현대아파트 309호 (방학동)",경희대 키움 태권도,,
209,영업중,서울특별시 강서구 염창동 244-15 세우빌딩 3층,"서울특별시 강서구 양천로69길 19, 세우빌딩 3층 (염창동)",한국파워점핑줄넘기 염창점,,
210,영업중,서울특별시 성북구 종암동 23-23,"서울특별시 성북구 종암로5길 21, 2층 (종암동)",영복싱클럽,,
211,영업중,서울특별시 구로구 궁동 282-2 2층,"서울특별시 구로구 부일로11길 101, 2층 (궁동)",점프스타 줄넘기클럽 / 태권로 킥,,
212,영업중,서울특별시 관악구 신림동 1433-120,"서울특별시 관악구 남부순환로 1587, 4층 (신림동)",국제체육관 신림점,,
213,영업중,서울특별시 동대문구 답십리동 322-15 답십리근린생활시설,서울특별시 동대문구 사가정로2길 56 (답십리동),베스트태권도장,,
214,영업중,서울특별시 구로구 가리봉동 8-1 최치현빌딩 2층,"서울특별시 구로구 남부순환로105길 232, 최치현빌딩 2층 (가리봉동)",경희대 SJC 태권도장,,
215,폐업,서울특별시 동대문구 이문동 255-203,"서울특별시 동대문구 이문로 182, 2층 (이문동)",한국체대 하이줄넘기 전문클럽&태권도,,
216,영업중,서울특별시 서대문구 남가좌동 379-2 래미안2차 상가동 2층호,"서울특별시 서대문구 수색로6길 45, 상가동 2층 (남가좌동, 래미안2차)",국가대표 부부 현무태권도장,,
217,영업중,서울특별시 강동구 고덕동 501-5 고덕크리닉 지하1층,"서울특별시 강동구 동남로81길 8, 고덕크리닉 지하1층 (고덕동)",파이널 유도 멀티짐 강동점,,
218,영업중,서울특별시 은평구 증산동 258 DMC센트럴자이 3단지,"서울특별시 은평구 수색로 200, 상가동 2층 (증산동, DMC센트럴자이)",증산용인대태권도장,,
219,영업중,서울특별시 은평구 신사동 29-1 2층,"서울특별시 은평구 은평로 34 (신사동, 신창빌딩)",YM태권도,,
220,영업중,서울특별시 은평구 불광동 281-175 4층,"서울특별시 은평구 통일로 716, 4층 (불광동)",불광복싱클럽,,
221,영업중,서울특별시 은평구 응암동 산 6-46 은평청소년수련관,"서울특별시 은평구 백련산로4길 16, 은평청소년수련관 (응암동)",은평청소년수련관,,
222,영업중,서울특별시 강서구 화곡동 1081-39 2층 2호,"서울특별시 강서구 강서로31길 52, 2층 2호 (화곡동)",명품태권도 스타줄넘기클럽,,
223,영업중,서울특별시 은평구 진관동 84 은평뉴타운우물골 243동 상가B호,"서울특별시 은평구 진관2로 57-37, 243동 상가층 B호 (진관동, 은평뉴타운우물골)",연호태권도장,,
224,영업중,서울특별시 은평구 응암동 96-18 경향렉스빌 201호,"서울특별시 은평구 은평로 160, 201호 (응암동, 경향렉스빌)",익스트림에스,,
225,영업중,서울특별시 은평구 진관동 29 은평뉴타운구파발 112호,"서울특별시 은평구 북한산로 2, 112호 (진관동, 은평뉴타운구파발)",레전드태권도멀티짐,,
226,영업중,서울특별시 마포구 염리동 8-41 이화빌딩 4층,"서울특별시 마포구 신촌로 196-1, 4층 (염리동, 이화빌딩)",수년복싱,,
227,영업중,서울특별시 은평구 역촌동 1-40 대지빌딩 지층,"서울특별시 은평구 연서로 130, 대지빌딩 지층 (역촌동)",FA스포츠,,
228,영업중,서울특별시 은평구 신사동 335-36 2층동,"서울특별시 은평구 가좌로 275-1, 2층 (신사동)",한국체대천마태권도장,,
229,영업중,서울특별시 강서구 방화동 571-1 대일빌딩 2층 일부호,"서울특별시 강서구 양천로 87, 대일빌딩 2층 일부호 (방화동)",동아태권도장,,
230,영업중,서울특별시 은평구 신사동 21-20 두원빌딩,"서울특별시 은평구 은평로 46, 두원빌딩 (신사동)",크로스복싱클럽,,
231,영업중,서울특별시 은평구 응암동 117-22 응암동하이포룸,"서울특별시 은평구 은평로8길 39 (응암동, 응암동하이포룸)",청룡태권도,,
232,영업중,서울특별시 은평구 갈현동 508-9 2층동,"서울특별시 은평구 갈현로 181-11, 2층 (갈현동)",세종체육관(태권도),,
233,영업중,서울특별시 은평구 구산동 212-3,"서울특별시 은평구 갈현로 159, 2층 (구산동)",남일2체육관,,
234,영업중,서울특별시 마포구 공덕동 459,"서울특별시 마포구 마포대로7길 12, 래미안 공덕3차 상가동 3층 (공덕동)",푸른경희태권도장,,
235,영업중,서울특별시 은평구 불광동 248 미성아파트 2층동,"서울특별시 은평구 통일로 780, 2층 (불광동, 미성아파트)",스타 익스트림 태권도,,
236,영업중,서울특별시 은평구 갈현동 425-2 4층동,"서울특별시 은평구 통일로87길 19, 4층 (갈현동)",갈현화랑태권도장,,
237,영업중,서울특별시 은평구 불광동 194-1 지층동,"서울특별시 은평구 불광로 177, 지층 (불광동)",연신유도체육관,,
238,영업중,서울특별시 은평구 신사동 335-1 다보빌딩,"서울특별시 은평구 가좌로 269, 다보빌딩 3층 (신사동)",투혼정심관,,
239,영업중,서울특별시 서초구 방배동 812-16 대명빌딩,"서울특별시 서초구 방배로 205, 대명빌딩 지하2층 (방배동)",주짓수&킥복싱 스퍼트GYM,,
240,영업중,서울특별시 관악구 신림동 1443-33 청우빌딩,"서울특별시 관악구 봉천로 226, 청우빌딩 3층 (신림동)",파이트아카데미,,
241,영업중,서울특별시 성동구 행당동 128-22,"서울특별시 성동구 왕십리로 257, 3층 2호 (행당동, 칠성빌딩)",성동태권도장,,
242,영업중,서울특별시 관악구 신림동 1735-9 파크프라자 502호,"서울특별시 관악구 난곡로 42, 502호 (신림동,파크프라자)",경희대 현대 태권도,,
243,영업중,서울특별시 광진구 중곡동 647-20 지하층,"서울특별시 광진구 능동로 329, 지하층 (중곡동)",H2 복싱클럽,,
244,영업중,서울특별시 관악구 봉천동 1000 현대상가 407호,"서울특별시 관악구 관악로40길 47, 현대상가 407호 (봉천동)",현대 은가비 태권도장,,
245,영업중,서울특별시 양천구 신월동 114-4,"서울특별시 양천구 월정로 165, 2층 (신월동)",월정태권도장,,
246,영업중,서울특별시 성동구 금호동1가 628 성산빌딩 3층,"서울특별시 성동구 난계로 32, 성산빌딩 3층 (금호동1가)",국가대표 태권 NEW 태권도장,,
247,영업중,서울특별시 은평구 신사동 163 승희빌딩,"서울특별시 은평구 증산로15길 70, 승희빌딩 2층 (신사동)",한울태권도,,
248,영업중,"서울특별시 은평구 진관동 62 은평 스카이뷰 자이 판매시설동 213,4호","서울특별시 은평구 통일로 1034, 판매시설동 2층 213,214호 (진관동, 은평 스카이뷰 자이)",RS복싱클럽,,
249,영업중,서울특별시 은평구 진관동 7 은평뉴타운상림마을 701동 상가103호,"서울특별시 은평구 진관4로 78-8, 701동 상가103호 (진관동, 은평뉴타운상림마을)",명성체육관,,
250,영업중,서울특별시 은평구 응암동 325-4,"서울특별시 은평구 가좌로 212-12, 지층 (응암동)",하나스포츠센터,,
251,영업중,서울특별시 은평구 불광동 11-8,"서울특별시 은평구 불광로 116, 2층 (불광동)",G.M 복싱 클럽,,
252,영업중,서울특별시 은평구 역촌동 63-72,"서울특별시 은평구 연서로 39, 지층 (역촌동)",531훈무,,
253,영업중,서울특별시 은평구 수색동 417 DMC롯데캐슬더퍼스트 제상가2동,"서울특별시 은평구 수색로 300, 제상가2동 1층 501,502호 (수색동, DMC롯데캐슬더퍼스트)",국가대표 경희대 수색태권도장,,
254,영업중,서울특별시 은평구 응암동 583-30,"서울특별시 은평구 불광천길 410-3, B1층 (응암동)",은평인 검도교실,,
255,영업중,서울특별시 은평구 갈현동 394-21,"서울특별시 은평구 통일로83길 6, B1층 (갈현동)",골드 레슬링,,
256,영업중,서울특별시 은평구 응암동 87-30 서원빌딩,"서울특별시 은평구 응암로 340, 서원빌딩 지층 (응암동)",TH용인대유도체육관,,
257,영업중,서울특별시 은평구 역촌동 56-1 역촌빌딩,"서울특별시 은평구 역말로 20, 역촌빌딩 3층 (역촌동)",진관유도체육관 역촌도장,,
258,영업중,서울특별시 은평구 불광동 643 북한산 힐스테이트7차 상가동 132호,"서울특별시 은평구 통일로 796, 상가동 132호 (불광동, 북한산 힐스테이트7차)",건민체육관,,
259,영업중,서울특별시 은평구 역촌동 63-60,"서울특별시 은평구 연서로 37, 2,3층 (역촌동)",화랑체육관,,
260,영업중,서울특별시 은평구 역촌동 63-60,"서울특별시 은평구 연서로 37, 3층 (역촌동)",서울 은평 태권도,,
261,영업중,서울특별시 강남구 신사동 600-6,"서울특별시 강남구 도산대로35길 39, B1층 (신사동)",프렙 레슬링 아카데미,,
262,영업중,서울특별시 강서구 마곡동 797-7 퀸즈파크텐 319호,"서울특별시 강서구 마곡중앙6로 66, 퀸즈파크텐 319호 (마곡동)",마곡와이어주짓수,,
263,영업중,서울특별시 송파구 오금동 618-3 A동 603호,"서울특별시 송파구 동남로29길 4, A동 603호 (오금동)",고일태권도,,
264,영업중,서울특별시 구로구 신도림동 306-13 3층,"서울특별시 구로구 신도림로 67, 3층 (신도림동)",혜성합기도 체육관,,
265,영업중,서울특별시 송파구 장지동 904-2 센트라포레,"서울특별시 송파구 위례순환로 478, 센트라포레 5층 504~507호 (장지동)",국가대표별빛태권도장,,
266,영업중,서울특별시 강남구 청담동 131-14,"서울특별시 강남구 영동대로138길 9, 신한양상가 301호 (청담동)",청담 주니어 태권도,,
267,영업중,서울특별시 강남구 대치동 920-26,"서울특별시 강남구 선릉로68길 11, 지하1층 (대치동)",복싱클루,,
268,영업중,서울특별시 동작구 상도동 312-5,"서울특별시 동작구 성대로6길 6, 2층, 3층 (상도동)",경희대 孝 태권도,,
269,영업중,서울특별시 동대문구 답십리동 1012 답십리 뉴타운 카운티 에비뉴,"서울특별시 동대문구 사가정로 80, 답십리 뉴타운 카운티 에비뉴 2층 217호 (답십리동)",태아일체 바른태권도,,
270,영업중,서울특별시 성북구 길음동 489-50,"서울특별시 성북구 도봉로3길 13, 지하1층 (길음동)",골드로드 복싱 미아사거리점,,
271,영업중,서울특별시 종로구 종로1가 24 르메이에르종로타운1,"서울특별시 종로구 종로 19, 르메이에르종로타운1 지하2층 B213~B214호 (종로1가)",그레이시 주짓수 광화문,,
272,영업중,서울특별시 광진구 광장동 337-4,"서울특별시 광진구 아차산로 624, 3층 (광장동)",모노복싱,,
273,폐업,서울특별시 중랑구 망우동 454-40 영원교회,"서울특별시 중랑구 용마산로 455, 2층 (망우동)",혜성태권도체육관,,
274,영업중,서울특별시 동대문구 이문동 149-8,"서울특별시 동대문구 이문로 120, 이문아이파크자이 상가동 3층 A322~324호 (이문동)",용인대 하랑 태권도장,,
275,영업중,서울특별시 송파구 송파동 22-2 해븐빌딩,"서울특별시 송파구 백제고분로41길 10, 지하1층 (송파동)",제이앤제이복싱짐 잠실석촌점,,
276,폐업,서울특별시 양천구 신월동 416-2,"서울특별시 양천구 오목로3길 37, 3층 (신월동)",태남태사 키즈 태권도,,
277,영업중,서울특별시 서초구 내곡동 342-1 내곡플라자,"서울특별시 서초구 헌릉로8길 9-8, 내곡플라자 2층 203호 (내곡동)",경희대 최강 태권도,,
278,영업중,서울특별시 강동구 길동 146,서울특별시 강동구 천호대로193길 36 (길동),예도 태권도장,,
279,폐업,서울특별시 송파구 석촌동 296-10 형제빌딩,"서울특별시 송파구 송파대로 381, 형제빌딩 지하1층 (석촌동)",송파 주짓수 그래플링 라운지,,
280,영업중,서울특별시 노원구 상계동 767-6 상계주공아파트(1단지),"서울특별시 노원구 덕릉로 459-47, 상계주공아파트(1단지) 4층 402호 (상계동)",한국체대 당현태권도,,
281,영업중,서울특별시 강남구 개포동 186-6,"서울특별시 강남구 개포로82길 13-15, 402호 (개포동)",파이널유도멀티짐 개포점,,
282,영업중,서울특별시 강서구 방화동 453-45 지하1층,"서울특별시 강서구 금낭화로 103, 지하1층 (방화동)",광호검도관,,
283,영업중,서울특별시 용산구 이태원동 36-85 대산빌딩,"서울특별시 용산구 녹사평대로26길 8, 대산빌딩 제지하층 제비01호 (이태원동)",더 플레이 스페이스,,
284,영업중,서울특별시 용산구 용산동2가 11-11 (2층),"서울특별시 용산구 신흥로18길 3 (용산동2가, 용산새마을금고)",경희대태권도장,,
285,폐업,서울특별시 성동구 성수동1가 661-3 지하1층,"서울특별시 성동구 왕십리로 94-1, 지하1층 (성수동1가)",카프킥복싱 MMA,,
286,영업중,서울특별시 성동구 옥수동 285-73 옥수새마을금고,"서울특별시 성동구 독서당로 216, 지하1층 (옥수동)",이엑스 복싱(EX BOXING),,
287,영업중,서울특별시 동대문구 제기동 149-4 정주빌딩,"서울특별시 동대문구 약령시로 18, 정주빌딩 3층 (제기동)",용두장안체육관 J-one스포츠클럽,,
288,영업중,서울특별시 중랑구 묵동 176-35 금성빌딩,"서울특별시 중랑구 동일로 900, 금성빌딩 301호 (묵동)",C4 복싱,,
289,영업중,서울특별시 강남구 세곡동 581,"서울특별시 강남구 헌릉로 569, 리더스프라자 604호 (세곡동)",점프윙스 줄넘기,,
290,영업중,서울특별시 광진구 구의동 228-3,"서울특별시 광진구 구의로 70, 3층 (구의동)",명성 태권도,,
291,폐업,서울특별시 노원구 상계동 767-6 상계주공아파트(1단지),"서울특별시 노원구 덕릉로 459-47, 상계주공아파트(1단지) 상가동 401-2호 (상계동)",한국체대 당현 태권도장,,
292,폐업,서울특별시 송파구 잠실동 192-10 혜성빌딩 지하1층,"서울특별시 송파구 올림픽로10길 16, 혜성빌딩 지하1층 (잠실동)",하나복싱클럽,,
293,폐업,서울특별시 서초구 양재동 377-2 3층,"서울특별시 서초구 동산로 62 (양재동,3층)",청우태권도장 서울본관,,
294,영업중,서울특별시 양천구 신월동 519-17,"서울특별시 양천구 오목로4길 15, 3층 (신월동)",태낭태사태권도장 태권플로우교육센터,,
295,폐업,서울특별시 은평구 진관동 2 은평뉴타운상림마을 613동 101호,"서울특별시 은평구 진관4로 100, 613동 101호 (진관동, 은평뉴타운상림마을)",월드태권도,,
296,영업중,서울특별시 송파구 가락동 2-9 김해빌딩,"서울특별시 송파구 오금로 300, 김해빌딩 지하1층 (가락동)",오버컴,,
297,영업중,서울특별시 송파구 문정동 76-1 문정동 봉의빌딩,"서울특별시 송파구 새말로8길 27, 지하1층 (문정동)",TBT 복싱,,
298,영업중,서울특별시 관악구 봉천동 884-47 승우빌딩,"서울특별시 관악구 남부순환로 1789, 승우빌딩 지하1층 (봉천동)",코리안탑팀,,
299,영업중,서울특별시 광진구 중곡동 112-20 광진교회,"서울특별시 광진구 자양로45길 62, 광진교회 2층 (중곡동)",플래닛(FLANET) 체육센터,,
300,영업중,서울특별시 동대문구 이문동 149-8,"서울특별시 동대문구 이문로 120, C동 216호 (이문동)",국가대표건강한태권도,,
301,영업중,서울특별시 양천구 신월동 20-15,"서울특별시 양천구 화곡로13길 29, 2층 (신월동)",한양대 차오름 태권도장,,
302,영업중,서울특별시 서초구 잠원동 57-20,"서울특별시 서초구 잠원로8길 25, 신반포스퀘어 4층 424, 425호 (잠원동)",참 태권도 줄넘기,,
303,영업중,서울특별시 금천구 시흥동 990-65 경일경영정보고등학교,"서울특별시 금천구 시흥대로47길 28-5, 경일경영정보고등학교 지하1층 (시흥동)",금천복싱체육관 남서울,,
304,영업중,서울특별시 서대문구 대현동 56-2 메르체쇼핑몰,"서울특별시 서대문구 이화여대길 59, 메르체쇼핑몰 3층 305, 306호 (대현동)",택티컬스쿨,,
305,영업중,서울특별시 송파구 잠실동 192-10 혜성빌딩,"서울특별시 송파구 올림픽로10길 16, 지하1층 (잠실동)",리짓 복싱,,
306,영업중,서울특별시 구로구 고척동 136-7 2층,"서울특별시 구로구 경서로 53-1, 2층 (고척동)",도마 효 태권도장(고척관),,
307,영업중,서울특별시 성동구 금호동4가 800 대우아파트상가504,"서울특별시 성동구 독서당로 270, 504호 (금호동4가, 금호동 대우아파트)",드림위너 태권도,,
308,영업중,서울특별시 광진구 구의동 27-26,"서울특별시 광진구 영화사로 70, 3층 (구의동)",경희대 경일 태권도,,
309,영업중,서울특별시 마포구 상암동 34-46,"서울특별시 마포구 월드컵북로 336, 지1층 (상암동)",티에이치용인대상암유도관,,
310,영업중,서울특별시 강남구 대치동 500,"서울특별시 강남구 남부순환로 2912, B101호 (대치동)",강남스타복싱,,
311,영업중,서울특별시 송파구 신천동 20-4,"서울특별시 송파구 올림픽로35길 45, 510호, 511호, 512호 (신천동)",경희대 라이즈 태권도,,
312,영업중,서울특별시 강북구 번동 417-18 301호,"서울특별시 강북구 한천로131길 13, 301호 (번동)",국대엘리트 파이터 짐,,
313,영업중,서울특별시 강북구 수유동 279-69,"서울특별시 강북구 한천로 1182, 3층 (수유동)",다이어트복싱킥복싱MMA우슈,,
314,영업중,서울특별시 강북구 미아동 130-60,"서울특별시 강북구 도봉로34길 15, 3층 (미아동)",용인대 화계 태권도,,
315,영업중,서울특별시 강북구 번동 169-1 201호,"서울특별시 강북구 한천로109길 59, 201호 (번동)",연세 태권도,,
316,영업중,서울특별시 강북구 미아동 688-5 삼양아케이트,"서울특별시 강북구 솔샘로 254, 삼양아케이트 3층 (미아동)",국제체육관미아점복싱무에타이MMA주짓수,,
317,영업중,서울특별시 강북구 미아동 752-10,"서울특별시 강북구 삼양로 218, 2층 (미아동)",문무태권도,,
318,영업중,서울특별시 강북구 번동 417-40,"서울특별시 강북구 한천로 1009, 3층 (번동)",강북권투,,
319,영업중,서울특별시 강북구 번동 300,"서울특별시 강북구 오현로32길 28, 2층 (번동)",경희 키즈태권짐,,
320,영업중,서울특별시 강북구 수유동 170-22,"서울특별시 강북구 한천로150길 52, 2층 (수유동)",강북 대호 태권도장,,
321,영업중,서울특별시 강북구 미아동 62-21 3층,"서울특별시 강북구 도봉로13길 22, 3층 (미아동)",타이틀복싱킥복싱MMA우슈,,
322,영업중,서울특별시 강북구 미아동 1357-6 미아프라자 403호,"서울특별시 강북구 삼양로27길 35-21, 403호 (미아동,미아프라자)",(주)한국태권도아카데미,,
323,영업중,서울특별시 강북구 우이동 100-15 2층,"서울특별시 강북구 삼양로149길 16-10 (우이동,2층)",백운 룡 태권도,,
324,영업중,서울특별시 강북구 미아동 698-3,"서울특별시 강북구 삼양로27길 38, 2층 (미아동)",메이트 태권도,,
325,영업중,서울특별시 강북구 수유동 553-61 극동아파트,"서울특별시 강북구 인수봉로72길 42, 극동아파트 2층 (수유동)",화심회라온 태권도,,
326,영업중,"서울특별시 강북구 미아동 1353-5 SK아파트 주상가 123, 124호","서울특별시 강북구 솔샘로 184 (미아동,SK아파트 주상가 123, 124호)",한빛태권도,,
327,영업중,서울특별시 강북구 미아동 1357-4 삼각산아이원아파트,"서울특별시 강북구 삼양로19길 109, 삼각산아이원아파트 3층 (미아동)",성북태권도아카데미,,
328,영업중,서울특별시 강북구 수유동 381-2 정암빌딩,"서울특별시 강북구 삼양로 424, 정암빌딩 2층 (수유동)",연세 휘트니스 태권도,,
329,영업중,서울특별시 강북구 미아동 1353 SK북한산시티아파트 주상가 2층 213호,"서울특별시 강북구 솔샘로 174-0, 상가동 2층 (미아동)",SK코리아태권도,,
330,영업중,서울특별시 강북구 미아동 218-1 2층,"서울특별시 강북구 도봉로67길 35 (미아동,2층)",강북 경희대 태권도,,
331,영업중,서울특별시 강북구 번동 242-1,"서울특별시 강북구 한천로105길 33, 1단지유치원상가 2층 (번동)",백두산 K타이거즈 태권도,,
332,영업중,"서울특별시 강북구 번동 300 금영빌딩, 2층","서울특별시 강북구 오현로32길 28, 금영빌딩 2층 (번동)",한진체육관,,
333,영업중,서울특별시 강북구 미아동 258-112 용빌딩,"서울특별시 강북구 오패산로52길 52, 용빌딩 3층 (미아동)",경찰태권도체육관,,
334,영업중,서울특별시 강북구 미아동 319-50 2층,"서울특별시 강북구 솔샘로65길 93 (미아동,2층)",지성 태권도,,
335,영업중,서울특별시 강북구 수유동 58-9 광은빌딩,"서울특별시 강북구 삼양로 292, 광은빌딩 2층 (수유동)",용인대 효 도장,,
336,영업중,서울특별시 강북구 수유동 394-11,서울특별시 강북구 삼양로99길 33 (수유동),경희대석사체육관,,
337,영업중,서울특별시 강북구 번동 462-18 3층,"서울특별시 강북구 도봉로96길 30 (번동,3층)",한양체육관,,
338,영업중,서울특별시 강북구 번동 459-60 2층,"서울특별시 강북구 한천로124길 25 (번동,2층)",용인대 태권도 체육관,,
339,영업중,서울특별시 강북구 수유동 254-8,서울특별시 강북구 노해로23길 49 (수유동),DKB 체육관,,
340,영업중,서울특별시 강북구 수유동 540-7,"서울특별시 강북구 인수봉로77길 19, 2, 3층 (수유동)",경희대 인수 태권도,,
341,영업중,서울특별시 강북구 수유동 205 수유벽산아파트,"서울특별시 강북구 한천로155길 43, 수유벽산아파트 A동 4층 402호 (수유동)",벽산체육관(태권도),,
342,영업중,서울특별시 강북구 미아동 1357-3 삼각산아이원아파트,"서울특별시 강북구 삼양로19길 74, 삼각산아이원아파트 상가동 3층 2호 (미아동)",길잡이태권도(청훈교육관),,
343,영업중,서울특별시 강북구 미아동 98-39,"서울특별시 강북구 도봉로 88, 3층 (미아동)",송중태권도,,
344,영업중,서울특별시 강북구 수유동 468-36,"서울특별시 강북구 인수봉로 128, 1층 (수유동)",백운체육관,,
345,영업중,서울특별시 노원구 상계동 640 동서기업빌딩,"서울특별시 노원구 한글비석로 470, 동서기업빌딩 4층 (상계동)",포커스 복싱짐,,
346,영업중,서울특별시 강남구 개포동 12 대치2단지 종합상가 301호,"서울특별시 강남구 개포로109길 5, 301호 (개포동, 대치2단지 종합상가)",태권메이트,,
347,영업중,서울특별시 도봉구 도봉동 625-21,"서울특별시 도봉구 마들로 721, 2층 (도봉동)",MMA STORY (엠엠에이 스토리),,
348,영업중,서울특별시 성북구 동선동1가 121-3 4층,"서울특별시 성북구 동소문로20가길 46, 4층 (동선동1가)",성신여대주짓수 킥복싱 레슬링,,
349,영업중,서울특별시 중랑구 면목동 131-1 재동의원,"서울특별시 중랑구 봉우재로 120, 재동의원 지하1층 (면목동)",탑클래스 레슬링 체육관,,
350,폐업,서울특별시 강동구 천호동 217-132 동아하이빌아파트 상가동 301호,"서울특별시 강동구 구천면로 278 (천호동, 동아하이빌아파트)",올림픽태권도장,,
351,영업중,서울특별시 중랑구 묵동 246-39 새서울태권도아카데미,"서울특별시 중랑구 중랑역로 147, 3층 (묵동)",고려대 새서울 태권도장,,
