idx,dtlstatenm,nm,type,addr,lat,lng
1,영업중,리페이스치과병원,병원,"서울특별시 강남구 도산대로 138, 13층 (논현동)",37.5174322865518,127.023786242369
2,영업중,강남초이스병원,병원,"서울특별시 강남구 테헤란로 337 (역삼동, 4~9층)",37.5047949131565,127.048457476412
3,영업중,하병원,병원,"서울특별시 강남구 강남대로132길 5, 지하1~2층,2~5층 (논현동)",37.5122664382368,127.021613379337
4,영업중,강남고려병원,병원,서울특별시 관악구 관악로 242 (봉천동),37.4856188363947,126.956781703053
5,영업중,트리니티병원,병원,"서울특별시 강남구 봉은사로 535 (삼성동, 트리니티재활병원빌딩, 지하1,2층, 지상1~11층)",37.5142581260954,127.058674361192
6,영업중,강서푸른꿈성모어린이병원,병원,"서울특별시 강서구 공항대로41길 34, 플러스존 3,8,9층 (등촌동)",37.5592796685251,126.84571196058
7,영업중,우리들병원,병원,"서울특별시 강남구 학동로 445, 우리들병원 (청담동)",37.51909256106,127.049609103629
8,영업중,자이비뇨의학과병원,병원,"서울특별시 서초구 서운로 220, 대지스포츠프라자 4층 (서초동)",37.5027112533189,127.021761944037
9,영업중,강동아너스힐병원,병원,"서울특별시 강동구 양재대로 1463, 5~15층 (길동)",,
11,영업중,척바른병원,병원,"서울특별시 서초구 방배로 151, 지하1층일부,2~5층 (방배동)",37.4871582793878,126.993560196392
12,영업중,연세대학교의과대학 강남세브란스병원,병원,"서울특별시 강남구 언주로 211, 강남세브란스병원 (도곡동)",37.4928059943729,127.04631039276
13,영업중,(의)가산의료재단 광동병원,병원,서울특별시 강남구 봉은사로 612 (삼성동),37.5142810376461,127.062146778337
14,영업중,더드림병원,병원,"서울특별시 강남구 선릉로 404, 더드림병원 (대치동)",37.5009902618151,127.050967336445
17,영업중,대항병원,병원,서울특별시 서초구 남부순환로 2151 (방배동),37.4756666208059,126.987740199474
18,영업중,성동필한방병원,병원,"서울특별시 성동구 천호대로 282, 남주빌딩 2~5층 (용답동)",37.5667983056365,127.052152534724
20,영업중,서울현대병원,병원,"서울특별시 강북구 도봉로 374 (번동, 서울현대병원)",37.6402559204261,127.028504374531
21,영업중,내일한방병원,병원,"서울특별시 은평구 응암로 267, 정원빌딩 (응암동)",37.5958556930176,126.918661945965
22,영업중,리움한방병원,병원,"서울특별시 강동구 강동대로 243, 풍원빌딩 (성내동)",37.5223962523793,127.132974735453
23,영업중,엠에스병원,병원,"서울특별시 송파구 삼학사로 53, 태영빌딩 1~7층 (삼전동)",37.5019988111255,127.096607902163
24,영업중,의료법인 참예원의료재단 서초참요양병원,병원,"서울특별시 서초구 양재대로 54, 지1,2층, 2~9층 (우면동, 서초참병원)",37.4597639429523,127.025360542615
25,영업중,송파그랜드요양병원,병원,"서울특별시 송파구 마천로 238, 윤진프라자타워 (마천동)",37.4996415468676,127.143773162373
26,영업중,포레스트한방병원,병원,"서울특별시 강동구 강동대로 143-52, 지하3, 지하1 일부, 1~5층 (성내동)",,
27,영업중,서울센트럴병원,병원,"서울특별시 관악구 남부순환로 1814, 대연빌딩 3,4,8,9층 (봉천동)",37.4810358154572,126.951566124274
28,영업중,의료법인 부원의료재단 서초요양병원,병원,서울특별시 서초구 반포대로9길 42 (서초동),37.4831271533812,127.009352330212
29,영업중,123스텝업병원,병원,"서울특별시 강동구 올림픽로 628-3, 지하1, 지상2~9층 (성내동)",,
30,영업중,한국보훈복지의료공단 서울요양병원,병원,"서울특별시 강동구 진황도로61길 53, 서울요양병원 (둔촌동)",37.5284637471127,127.147925555901
31,영업중,고은빛여성병원,병원,서울특별시 강동구 천호대로 1151 (길동),37.5341560838916,127.139335813162
32,영업중,의료법인 우신향병원,병원,서울특별시 성북구 안암로 99 (안암동5가),37.5848797322556,127.031235460115
33,영업중,남기세병원,병원,서울특별시 강동구 천호대로 1133 (길동),37.5346886394768,127.137512843471
34,영업중,미래본병원,병원,"서울특별시 송파구 송파대로 562, 2,3,8층 (신천동, 한빛프라자,삼성웰리스아파트)",,
35,영업중,녹색병원,병원,서울특별시 중랑구 사가정로49길 53 (면목동),37.5835639827081,127.086060385744
36,영업중,힘찬경희생생한방병원,병원,"서울특별시 양천구 오목로 344, 청학빌딩 (목동)",37.5237531022074,126.875143110053
37,영업중,서울동행요양병원,병원,"서울특별시 송파구 토성로 20, 다보라 지하1~5층 (풍납동)",37.5305910872711,127.112750545786
38,영업중,더사랑요양병원,병원,"서울특별시 송파구 마천로 227, 보은빌딩 (마천동)",37.5005392855842,127.143198688363
43,영업중,서울적십자병원,병원,"서울특별시 종로구 새문안로 9, 적십자병원 (평동)",37.5667630123693,126.967202493985
44,영업중,아미나요양병원,병원,"서울특별시 종로구 경희궁길 26, 썬타워빌딩 지하1층, 지상2,3,4,5,6,7층 (신문로2가)",37.572273501222,126.970991105824
45,영업중,포레스트병원,병원,"서울특별시 종로구 율곡로 164, 지하1,2층,1층일부,2~8층 (원남동)",37.5757809895224,126.996755343372
46,영업중,서울지구병원,병원,서울특별시 종로구 삼청로10길 13 (삼청동),37.5874464270086,126.982458095352
47,영업중,서울대학교병원,병원,서울특별시 종로구 대학로 101 (연건동),37.5804523853297,126.997196437908
48,영업중,서울병원,병원,서울특별시 송파구 오금로 290 (가락동),37.5039052343651,127.124708246107
49,영업중,강동성모요양병원,병원,"서울특별시 강동구 올림픽로80길 31, 로뎀빌딩 (천호동)",37.5434717175686,127.127182630653
50,영업중,한국보훈복지의료공단 중앙보훈병원,병원,서울특별시 강동구 진황도로61길 53 (둔촌동),37.5284637471127,127.147925555901
51,영업중,서울특별시어린이병원,병원,서울특별시 서초구 헌릉로 260 (내곡동),37.4557172797141,127.068851404997
53,영업중,학교법인가톨릭학원가톨릭대학교서울성모병원,병원,서울특별시 서초구 반포대로 222 (반포동),37.5023936158073,127.005860604348
54,영업중,서울숭인병원,병원,"서울특별시 종로구 종로 386, 6.7.8.9층 (숭인동)",,
55,영업중,세란병원,병원,서울특별시 종로구 통일로 256 (무악동),37.5753392693516,126.95770832178
56,영업중,서울대학교치과병원,병원,서울특별시 종로구 대학로 101 (연건동),37.5804523853297,126.997196437908
57,영업중,리움한방병원,병원,"서울특별시 종로구 대학로 89, 대학로빌딩 지하1, 지상2~6층 (연건동)",37.5792304768008,127.001809991044
58,영업중,강북삼성병원,병원,서울특별시 종로구 새문안로 29 (평동),37.5688677261045,126.967812703696
67,영업중,반도정형외과병원,병원,"서울특별시 중구 동호로 202, 반도정형외과 (신당동)",37.5559931963298,127.010110415753
68,영업중,더블유치과병원,병원,"서울특별시 중구 장충단로 263, 밀리오레상가건물 14층 (을지로6가)",37.5681156942942,127.008472686741
69,영업중,국립중앙의료원,병원,"서울특별시 중구 을지로 245, 국립중앙의료원 (을지로6가)",37.5677264605676,127.005484601979
70,영업중,유치과병원,병원,"서울특별시 중구 다산로 175, 3층 (신당동, 명덕빌딩)",37.5592938191734,127.012891334533
71,영업중,라임나무치과병원,병원,"서울특별시 중구 명동길 43, 7층 (명동1가, 신한은행)",37.5639981807195,126.9847370548
72,영업중,연세스위트치과병원,병원,"서울특별시 중구 퇴계로 447, 221~213호 (황학동, 황학 아크로타워)",,
73,영업중,서울송도병원,병원,"서울특별시 중구 다산로 78, 송도병원 (신당동)",37.5511665956999,127.008381705394
74,영업중,한누리치과병원,병원,"서울특별시 중구 퇴계로 97, 3층 306호 (충무로1가, 고려대연각센터빌딩)",37.5609575542822,126.982545572081
81,영업중,순천향대학교 부속 서울병원,병원,서울특별시 용산구 대사관로 59 (한남동),37.5342808357653,127.003878033451
82,영업중,금강아산병원(재단법인 아산사회복지재단),병원,서울특별시 용산구 이촌로 318 (이촌동),37.5176798435221,126.98273008257
90,영업중,서울효사랑요양병원,병원,서울특별시 성동구 동일로 93 (성수동2가),37.54114957538,127.063100424635
95,영업중,9988병원,병원,서울특별시 성동구 왕십리로 269 (행당동),37.5586057086894,127.037479052118
96,영업중,서울특별시장애인치과병원,병원,서울특별시 성동구 마장로 207 (홍익동),37.5666490290112,127.03282405576
97,영업중,시온요양병원,병원,"서울특별시 성동구 자동차시장1길 85, 지하1,지상3~5층 (용답동, JS빌딩)",,
98,영업중,굿모닝요양병원,병원,"서울특별시 성동구 천호대로 436, 2~7층 (용답동)",,
100,영업중,학교법인대진교육재단 제인병원,병원,서울특별시 성동구 광나루로 243 (송정동),37.5494612677553,127.056943711312
101,영업중,서울프라임병원,병원,"서울특별시 광진구 동일로 92-1, B1~2, 2~7층 (자양동)",37.5408266646495,127.063590210516
102,영업중,연세슬기병원,병원,서울특별시 성동구 무학로2길 8 (도선동),37.5642703458178,127.030678010912
103,영업중,연세바로척병원,병원,서울특별시 성동구 동일로 133 (성수동2가),37.5443991308812,127.064908803881
109,영업중,재단법인베스티안재단베스티안서울병원,병원,서울특별시 성동구 왕십리로 382 (하왕십리동),37.5651102845783,127.028019796271
110,영업중,편안한요양병원,병원,"서울특별시 광진구 자양로 38, 편안한요양병원 (자양동)",37.5316187818149,127.086454798289
111,영업중,광진예치과병원,병원,서울특별시 광진구 천호대로 556 (능동),37.5567339275651,127.079702343554
112,영업중,에스(S)리더치과병원,병원,"서울특별시 광진구 능동로 103, 3.4층 (화양동)",,
113,영업중,동부참사랑요양병원,병원,서울특별시 광진구 동일로 154 (화양동),37.545763086384,127.066326507057
115,영업중,건국대학교병원,병원,서울특별시 광진구 능동로 120-1 (화양동),37.5412356316656,127.07205578747
116,영업중,혜민병원,병원,서울특별시 광진구 자양로 85 (자양동),37.5354377087993,127.083398686427
117,영업중,오석한방병원,병원,"서울특별시 광진구 자양로 116, 301~307호,310~312호 (구의동, 웰츠타워)",,
119,영업중,연세무척나은병원,병원,서울특별시 광진구 천호대로 568 (능동),37.5562629735009,127.080898776139
120,영업중,한양대학교병원,병원,서울특별시 성동구 왕십리로 222-1 (사근동),37.5585815432773,127.045715688792
121,영업중,바른본병원,병원,서울특별시 광진구 천호대로 630 (능동),37.5537986062705,127.087170869081
122,영업중,국립정신건강센터,병원,"서울특별시 광진구 용마산로 127 (중곡동, 국립정신건강센터)",37.5650862337223,127.085776641765
128,영업중,더드림요양병원,병원,"서울특별시 동대문구 한빛로 12, 지하1층 ~ 4층 (신설동)",37.5767579715876,127.024888817848
130,영업중,엘치과병원,병원,"서울특별시 동대문구 전농로 102, 3층 (답십리동)",37.5739827977728,127.057855083646
136,영업중,서울탑병원,병원,"서울특별시 동대문구 정릉천동로 102, 지하1층~지상4층 (제기동)",37.5814263021675,127.036023592372
137,영업중,의료법인마리아의료재단마리아병원,병원,서울특별시 동대문구 천호대로 20 (신설동),37.5743400943334,127.025164225873
138,영업중,하늘병원,병원,"서울특별시 동대문구 천호대로 317, 하늘병원 (답십리동)",37.565178527398,127.055634655029
139,영업중,서울특별시 동부병원,병원,서울특별시 동대문구 무학로 124 (용두동),37.5753539913466,127.031512678311
140,영업중,다일천사병원,병원,"서울특별시 동대문구 서울시립대로 57, 천사병원 B1,1,2,3,6층 (전농동)",37.5766741362136,127.047618863634
141,영업중,코리아병원,병원,서울특별시 동대문구 장한로 143 (장안동),37.5731976621686,127.071518871889
145,영업중,햇살요양병원,병원,"서울특별시 동대문구 장한로 152, 지하1~2층, 지상3 ~10층 (장안동)",37.5740057214541,127.072181420118
146,영업중,시카고치과병원,병원,서울특별시 동대문구 천호대로 2 (신설동),37.5750052699082,127.023557307449
147,영업중,참튼튼병원,병원,서울특별시 동대문구 답십리로 261 (장안동),37.572732776108,127.069359147079
148,영업중,날개병원,병원,서울특별시 동대문구 무학로 193-1 (용두동),37.5816271425374,127.029498659534
149,영업중,린여성병원,병원,"서울특별시 동대문구 답십리로 266, 파워스빌딩 (장안동)",37.5722812717492,127.069844464433
150,영업중,효림요양병원,병원,서울특별시 동대문구 천호대로 259-1 (답십리동),37.5686323592214,127.050944682694
151,영업중,영동병원,병원,서울특별시 동대문구 한천로 4 (장안동),37.5632449294324,127.058553733243
152,영업중,서울나은병원,병원,서울특별시 동대문구 왕산로 137 (제기동),37.5785692943084,127.038731404679
153,영업중,경희대학교한방병원,병원,서울특별시 동대문구 경희대로 23 (회기동),37.5937762050989,127.050741696591
154,영업중,왕십리휴병원,병원,"서울특별시 동대문구 무학로 88 (용두동, 지하2~지상8층)",37.5721224568918,127.031273373243
155,영업중,멘토스병원,병원,서울특별시 동대문구 한천로 49 (답십리동),37.5665654319352,127.061619144834
156,영업중,경희대학교병원,병원,서울특별시 동대문구 경희대로 23 (회기동),37.5937762050989,127.050741696591
157,영업중,서울에이스요양병원,병원,서울특별시 동대문구 고산자로 379 (용두동),37.5736476693503,127.037720235728
158,영업중,경희대학교치과병원,병원,"서울특별시 동대문구 경희대로 23 (회기동, 경희의료원)",37.5937762050989,127.050741696591
159,영업중,서울성심병원,병원,"서울특별시 동대문구 왕산로 259, 서울성심병원 (청량리동)",37.5841890473051,127.049819830411
160,영업중,솔라시도한방병원,병원,"서울특별시 동대문구 고산자로32길 78, 305-323호 (용두동, 청량리역한양수자인그라시엘)",,
161,영업중,지혜병원,병원,서울특별시 동대문구 천호대로 421 (장안동),37.561626817119,127.065927224471
162,영업중,대한민국요양병원,병원,"서울특별시 동대문구 장한로 200 (장안동, KS빌딩)",37.5782947193958,127.072483976271
163,영업중,엔플러스병원,병원,"서울특별시 동대문구 장한로32길 7, 장안동의료시설 (장안동)",37.5754686901664,127.072583233437
165,영업중,삼육치과병원,병원,서울특별시 동대문구 망우로 82 (휘경동),37.5862119387672,127.06355328121
166,영업중,서울정병원,병원,"서울특별시 중랑구 면목로 310, 4,5,6,7층일부층 (면목동)",,
176,영업중,경동한방병원,병원,"서울특별시 중랑구 망우로 400, 2층~3층(201호~204호,301호~304호) (망우동)",37.5987572807336,127.096589961709
177,영업중,연세산돌병원,병원,"서울특별시 중랑구 봉우재로 234, 연세산돌병원 지하1층~7층 (망우동)",37.5951721459585,127.098876946116
178,영업중,서울라본병원,병원,서울특별시 중랑구 망우로 476 (망우동),37.6003118821631,127.105093670612
179,영업중,강북21세기병원,병원,서울특별시 중랑구 면목로 473 (상봉동),37.5940484210525,127.085631420521
180,영업중,디앤에프병원,병원,"서울특별시 중랑구 봉화산로 64 (중화동, 디엔에프병원)",37.6014874991796,127.0814933261
186,영업중,의료법인 어울림의료재단 정성요양병원,병원,"서울특별시 구로구 남부순환로107길 24, 정성요양병원 (가리봉동)",37.4795289124601,126.894596686847
187,영업중,팔팔병원,병원,"서울특별시 중랑구 동일로 679 (면목동, 88병원)",37.5909406409469,127.07969838544
188,영업중,마인드웰병원,병원,"서울특별시 중랑구 망우로 403, 삼부빌딩 5~7층 (망우동)",37.5994577479171,127.096874533303
189,영업중,의료법인한국의료재단프라임병원,병원,서울특별시 중랑구 공릉로 76 (묵동),37.6172283555794,127.07946003191
191,영업중,서울특별시서울의료원,병원,서울특별시 중랑구 신내로 156 (신내동),37.6130913124974,127.099186989431
192,영업중,러스크서울병원,병원,서울특별시 중랑구 망우로 470 (망우동),37.6001433569352,127.104326339173
193,영업중,마디세상병원,병원,서울특별시 중랑구 동일로 890 (묵동),37.6099151597192,127.078189221962
194,영업중,로하스동서울요양병원,병원,"서울특별시 중랑구 봉화산로 194, 신아타운 4,5층 (신내동)",37.6064526315197,127.094707041869
200,영업중,한마음한방병원,병원,"서울특별시 성북구 종암로 129, 청한빌딩 4,5층 (종암동)",37.6014264034926,127.032727558227
201,영업중,호산여성병원,병원,"서울특별시 강남구 언주로 871, 호산병원 (신사동)",37.5285677154605,127.033354132164
202,영업중,의료법인 미소들노인전문병원,병원,"서울특별시 구로구 고척로21나길 88-41 (개봉동, 미소들병원)",37.5028978149919,126.841198898052
203,영업중,성북미올한방병원,병원,"서울특별시 성북구 동소문로 106, 유타 8~9층 (동선동1가)",37.5925747617089,127.017088831326
204,영업중,새마음요양병원,병원,서울특별시 성북구 동소문로 215 (정릉동),37.6013110492986,127.021466304531
205,영업중,더서울병원,병원,"서울특별시 성북구 아리랑로 16, 3~7층 (동선동4가)",,
206,영업중,플러스요양병원,병원,"서울특별시 성북구 솔샘로1길 19, 그린존 1~7층 (정릉동)",37.6082799327366,127.003908826541
207,영업중,의료법인참예원의료재단 성북참요양병원,병원,서울특별시 성북구 북악산로1길 71 (정릉동),37.5976570265011,127.005193513658
208,영업중,서울척병원,병원,서울특별시 성북구 동소문로47길 8 (길음동),37.6088705624212,127.029301707499
212,영업중,사회복지법인 성가소비녀회 성가복지병원,병원,서울특별시 성북구 종암로 191 (하월곡동),37.6069290291527,127.030683631101
219,영업중,성북우리아이들병원,병원,서울특별시 성북구 동소문로46길 10 (하월곡동),37.6068511674943,127.029329681119
220,영업중,꿈의숲요양병원,병원,서울특별시 강북구 월계로 183 (번동),37.6205757158557,127.044900910895
221,영업중,성북서울요양병원,병원,서울특별시 성북구 종암로 31 (종암동),37.5931057410869,127.035858243592
222,영업중,효성요양병원,병원,"서울특별시 강북구 삼양로 204 (미아동, 효성요양병원)",37.6220309133259,127.020454038954
223,영업중,경희치과병원,병원,"서울특별시 강북구 도봉로 358 (번동, 코스타타워)",37.6391358802369,127.027474954377
224,영업중,신일병원,병원,서울특별시 강북구 덕릉로 73 (수유동),37.6347745804936,127.021825891177
231,영업중,리솜한방병원,병원,"서울특별시 금천구 시흥대로79길 15, 리솜메디라이프 4~7층 (시흥동)",37.4588902854241,126.897681476166
232,영업중,포근한병원,병원,서울특별시 강북구 도봉로 266 (미아동),37.6322985747098,127.02417309812
233,영업중,강북우리병원,병원,"서울특별시 강북구 한천로 1083, 수유동 (수유동, 광산타워)",37.6425448823211,127.022634105373
234,영업중,강북으뜸병원,병원,"서울특별시 강북구 도봉로 187, 지하1층, 지상1층~지상5층 (미아동)",37.6254205559935,127.026184524499
235,영업중,북서울요양병원,병원,"서울특별시 강북구 한천로 1002, 북서울요양병원 (번동)",37.6381346270653,127.030017007593
239,영업중,에이치큐브병원,병원,서울특별시 도봉구 도봉로 604 (창동),37.6583143285943,127.041034393222
240,영업중,의성한방병원,병원,"서울특별시 도봉구 도봉로152길 26, 렉시온프라자 2, 3, 4층 (방학동)",37.6692305048563,127.045274099296
241,영업중,다나병원,병원,서울특별시 도봉구 해등로 129 (창동),37.6550518985483,127.040436964996
242,영업중,필치과병원,병원,"서울특별시 서초구 방배로 245, 3층 (방배동, 현대클리닉빌딩)",37.4947663077227,126.988863824402
243,영업중,경희늘푸른노인전문병원,병원,서울특별시 도봉구 시루봉로 137 (방학동),37.6631947626947,127.027370255997
244,영업중,로덴성문치과병원,병원,"서울특별시 도봉구 도봉로 569, 5층 (쌍문동, 준우빌딩)",37.6558968289656,127.038586135549
245,영업중,가화한방병원,병원,서울특별시 도봉구 도당로 51(방학동),37.662824153719,127.034388915797
246,영업중,퍼스트요양병원,병원,"서울특별시 도봉구 삼양로 616, 2-5층 (쌍문동)",,
247,영업중,희성한방병원,병원,"서울특별시 도봉구 방학로3길 6, SYO빌딩 1, 4층 (방학동)",37.6625507246319,127.040568535069
248,영업중,팔팔요양병원,병원,"서울특별시 도봉구 시루봉로 310, 화성빌딩 (도봉동)",37.6710214264697,127.04348189855
255,영업중,모아한방병원,병원,"서울특별시 노원구 동일로 987, 태릉마이크로병원건물 2,5,6,7층 (공릉동)",37.6182542034567,127.074941145603
263,영업중,자향한방병원,병원,"서울특별시 도봉구 덕릉로 215, 3~7층 (창동)",,
265,영업중,샤인치과교정과 치과병원,병원,"서울특별시 노원구 노해로 488, 근호빌딩 5층 502호 (상계동)",37.6543222923845,127.062168567542
266,영업중,새힘병원,병원,서울특별시 노원구 노원로 416(상계동),37.6536773594601,127.067905988941
267,영업중,인제대학교 상계백병원,병원,"서울특별시 노원구 동일로 1342, 상계백병원 (상계동)",37.6485819883224,127.063115737673
268,영업중,그레이스힐 요양병원,병원,"서울특별시 노원구 노원로 461, 대감프라자빌딩 3,4,5,6층 (상계동)",37.657441877009,127.06561735906
269,영업중,노원 강북예치과병원,병원,"서울특별시 노원구 노해로81길 5-6, 노원스퀘어 5-7층 (상계동)",37.6552060831882,127.062476980624
270,영업중,선의요양병원,병원,"서울특별시 노원구 동일로 1419, 9층~11층 (상계동)",37.6553094384019,127.059846120108
271,영업중,메디아이여성병원,병원,"서울특별시 노원구 노원로 448 (상계동, 메디아이여성병원)",37.6564723367144,127.0670480462
272,영업중,방병원,병원,"서울특별시 노원구 동일로 989, 1~9층 (공릉동)",,
273,영업중,강북연세병원,병원,서울특별시 노원구 동일로 996 (공릉동),37.6191955674915,127.075487711537
274,영업중,의료법인 행복나눔의료재단 사랑요양병원,병원,"서울특별시 노원구 동일로243길 45 (상계동, 사랑요양병원)",37.6784494401778,127.052600258604
275,영업중,다인치과병원,병원,"서울특별시 노원구 노해로 507, 5층 (상계동, 와우쇼핑몰)",37.6554272387774,127.063889081054
276,영업중,노원을지대학교병원,병원,"서울특별시 노원구 한글비석로 68, 을지병원 (하계동)",37.6361106543284,127.06968108866
277,영업중,금천한방병원,병원,"서울특별시 금천구 시흥대로73길 67, 4,6층 (시흥동)",,
278,영업중,노원자생한방병원,병원,"서울특별시 노원구 노해로 507, 7,8층 (상계동, 와우쇼핑몰)",,
279,영업중,노원솔요양병원,병원,"서울특별시 노원구 덕릉로 690, 기업은행 2,3,4,5층 (중계동)",37.6591744841062,127.07566552892
280,영업중,더조은요양병원,병원,서울특별시 노원구 화랑로 323 (월계동),37.6149040212444,127.063652106256
281,영업중,희망요양병원,병원,서울특별시 노원구 상계로26길 7 (상계동),37.6582410583107,127.070893536187
282,영업중,참다운요양병원,병원,"서울특별시 노원구 동일로 987, 지하1,1,3,4,6,8층 (공릉동)",37.6182542034567,127.074941145603
283,영업중,서울제일한방병원,병원,"서울특별시 노원구 노원로 461, 2층 (상계동)",37.657441877009,127.06561735906
284,영업중,서울미르한방병원,병원,"서울특별시 노원구 동일로197길 11, 공삼빌딩 2,3,4층 (공릉동)",37.6285094576574,127.070641890379
290,영업중,아카시아병원,병원,서울특별시 금천구 시흥대로114길 5 (독산동),37.4680878358447,126.898548517713
294,영업중,은평포레스트한방병원,병원,"서울특별시 은평구 통일로 636, 은평 미드스퀘어 4,5층 (녹번동)",37.603517115574,126.935311316206
302,영업중,은평요양병원,병원,서울특별시 은평구 통일로 935 (갈현동),37.6265091864519,126.919522794853
303,영업중,이우요양병원,병원,서울특별시 은평구 불광로13길 15 (불광동),37.6172143161916,126.932110648693
304,영업중,더웰샘한방병원,병원,"서울특별시 관악구 남현길 7, 한일프라자 4, 6층 (남현동)",37.4760625825389,126.977671473431
305,영업중,가톨릭대학교 은평성모병원,병원,서울특별시 은평구 통일로 1021 (진관동),37.6336094022541,126.916152525534
306,영업중,21C메트로한방병원,병원,"서울특별시 은평구 갈현로 24, 2층 201,202호 (신사동)",37.6000492809376,126.910468934803
307,영업중,서울특별시서북병원,병원,서울특별시 은평구 갈현로7길 49 (역촌동),37.6043567763756,126.905664235484
308,영업중,최원호병원,병원,"서울특별시 은평구 서오릉로 45, 최원호병원 (녹번동)",37.604769594378,126.923855760856
309,영업중,연세에덴요양병원,병원,서울특별시 은평구 통일로 669 (녹번동),37.6061501831794,126.933393863359
310,영업중,한국효요양병원,병원,"서울특별시 은평구 은평로 170, 6층,7층,8층 (응암동, 상현빌딩동)",37.6010893852841,126.926662375326
311,영업중,의료법인 성누가의료재단 성누가병원,병원,"서울특별시 은평구 통일로 726, 불광메디컬타워 1~12층 (불광동)",37.610530375217,126.930328513931
312,영업중,리드힐병원,병원,"서울특별시 은평구 연서로 10, 지하2~지상9층 (역촌동)",,
313,영업중,서울재활병원,병원,서울특별시 은평구 갈현로11길 30 (구산동),37.60561275596,126.906342824539
314,영업중,서울병원,병원,서울특별시 은평구 진흥로 191 (대조동),37.6088308110956,126.930739739666
315,영업중,본서부병원,병원,서울특별시 은평구 은평로 133 (응암동),37.6009323557961,126.922591585689
316,영업중,의료법인 청구성심병원,병원,서울특별시 은평구 통일로 873 (갈현동),37.6207901019252,126.919552747252
317,영업중,문치과병원,병원,서울특별시 은평구 통일로 809-1 (대조동),37.6161339587438,126.923731135085
318,영업중,연세노블병원,병원,서울특별시 은평구 서오릉로 37 (녹번동),37.6040399058057,126.924452636345
319,영업중,인정병원,병원,서울특별시 은평구 응암로 164 (응암동),37.5865882667176,126.91659126549
320,영업중,은평연세병원,병원,서울특별시 은평구 연서로 177 (갈현동),37.6146922208583,126.917472218592
321,영업중,활명한방병원,병원,"서울특별시 서대문구 수색로 102, 2~4층 (북가좌동, DMC요진아파트)",,
322,영업중,신촌면력한방병원,병원,"서울특별시 서대문구 연세로 12, 피델리아 타워 8~14층 (창천동)",37.556633214994,126.937200582487
323,영업중,하나효요양병원,병원,"서울특별시 은평구 서오릉로 149, 세웅그룹빌딩 3~9층 (구산동)",37.6115932839556,126.916212472705
328,영업중,서울중앙요양병원,병원,서울특별시 서대문구 충정로 71-5(충정로2가),37.5651932446514,126.965439258919
329,영업중,신촌힐링요양병원,병원,"서울특별시 서대문구 모래내로 330, 미도빌딩 (홍은동)",37.5797577190735,126.933744105762
330,영업중,강북연세요양병원,병원,서울특별시 서대문구 성산로 335 (연희동),37.5661781334512,126.927652047919
331,영업중,치유본한방병원,병원,"서울특별시 관악구 신원로 35, 삼모더프라임타워 6층 (신림동)",37.4823122359729,126.929023376476
333,영업중,잎사귀치과병원,병원,"서울특별시 서대문구 명물길 32, 준성빌딩 2,3층 (창천동)",37.5580393361319,126.938445484078
334,영업중,가자연세병원,병원,"서울특별시 서대문구 수색로 18, 2~5층 (남가좌동, 영보웨딩부페)",,
335,영업중,효담요양병원,병원,서울특별시 서대문구 통일로 544 (홍은동),37.5962519748663,126.939556336062
336,영업중,사랑요양병원,병원,서울특별시 서대문구 수색로 131 (북가좌동),37.5742019282035,126.905673873275
337,영업중,의료법인디에스동서의료재단 동서한방병원,병원,서울특별시 서대문구 성산로 365-14 (연희동),37.564665578776,126.930259421463
338,영업중,의료법인동신의료재단 동신병원,병원,"서울특별시 서대문구 연희로 272, 동신병원 본관동 (홍은동)",37.5811060838344,126.936583290985
339,영업중,연세대학교치과대학치과병원,병원,서울특별시 서대문구 연세로 50-1 (신촌동),37.563674036531,126.941917689273
340,영업중,서울호흡안심병원,병원,서울특별시 서대문구 세무서길 20 (홍제동),37.5889268732342,126.945785278564
344,영업중,마포요양병원,병원,"서울특별시 마포구 성산로4길 33, 마포요양병원 지하1~5층 (성산동)",37.5640950697612,126.908724880466
345,영업중,메디람한방병원,병원,"서울특별시 마포구 양화로 119, 디키즈코리아 B1~6층 (서교동)",37.5543612441013,126.919770087218
346,영업중,마포척한방병원,병원,"서울특별시 마포구 와우산로 48, 로하스타워 2층 (상수동)",37.5485560282385,126.923441090646
347,영업중,세솟는정형외과병원,병원,"서울특별시 마포구 백범로 26, 세솟는병원 (신수동)",37.5523913517494,126.937094594573
348,영업중,위비앙병원,병원,서울특별시 마포구 신촌로 240 (아현동),37.556950103098,126.952447901677
349,영업중,혜당한방병원,병원,"서울특별시 마포구 독막로 32, A동 지1,123457층 (합정동)",37.5479471566876,126.91681539989
350,영업중,신촌연세병원,병원,"서울특별시 마포구 서강로 110, 지2층~6층 (신수동)",37.5525892651719,126.933734666413
351,영업중,에스엠씨요양병원,병원,"서울특별시 마포구 월드컵북로 165, 지하1층~5층 (성산동, SMC)",37.5668779371243,126.90984750519
352,영업중,한그루치과병원,병원,"서울특별시 마포구 마포대로 78, 자람빌딩 3층 (도화동)",37.5418967410602,126.949787848373
353,영업중,신촌다인치과병원,병원,"서울특별시 마포구 신촌로 94, 10층,11층 (노고산동, 그랜드플라자)",37.5549939272318,126.936001762116
354,영업중,푸르메재단 넥슨어린이재활병원,병원,"서울특별시 마포구 월드컵북로 494, 지하1층~7층 (상암동, 푸르메재단넥슨어린이재활병원)",37.5846474329581,126.880520296415
355,영업중,연세한강병원,병원,"서울특별시 마포구 마포대로 25, 대농빌딩 2,3,5층 (마포동)",37.539374073789,126.94483383803
356,영업중,서울연세병원,병원,"서울특별시 마포구 토정로 271, 대현빌딩 지하1층,지상2~6층 (용강동)",37.5424624834344,126.940310619041
359,영업중,스마일윤치과병원,병원,"서울특별시 마포구 양화로 178, 3층 (동교동)",37.5575046128363,126.925213220295
368,영업중,서울제일요양병원,병원,서울특별시 양천구 가로공원로 81(신월동),37.5356081887143,126.824841234295
369,영업중,솔빛한방병원,병원,서울특별시 양천구 신월로 151 (신월동),37.5176840571314,126.840568280184
374,영업중,라온휴한방병원,병원,"서울특별시 양천구 신월로 164, 승일뷰티타워2 8~9층 (신월동)",37.517760427962,126.842018042503
375,영업중,바른지성한방병원,병원,"서울특별시 양천구 목동로 189, 2,3,4층 (신정동)",,
376,영업중,서울스마트요양병원,병원,"서울특별시 양천구 중앙로 181, 복합메디컬타운 3~8층 (신정동)",37.5128194279739,126.855685447508
377,영업중,강동연세병원,병원,서울특별시 강동구 올림픽로 734 (천호동),37.5467610506714,127.126626265578
378,영업중,삼성새로이치과병원,병원,"서울특별시 양천구 신정중앙로 103, 3층 (신정동)",37.5265013713269,126.863371926417
379,영업중,목동제일여성병원,병원,서울특별시 양천구 중앙로 300 (신정동),37.5230563143626,126.851872560398
380,영업중,힘찬병원,병원,"서울특별시 양천구 신목로 120 (목동, 힘찬병원)",37.5249809740677,126.876846570165
381,영업중,의료법인해인의료재단 동신한방병원,병원,"서울특별시 양천구 오목로 351, B2~6,8~9층 (목동)",37.5246031276762,126.876792551092
382,영업중,포미즈여성병원,병원,"서울특별시 양천구 공항대로 610 (목동, 정종일산부인과)",37.546789059764,126.87235841377
383,영업중,목동예치과병원,병원,서울특별시 양천구 오목로 199 (신정동),37.5256616057868,126.859656176414
384,영업중,목동자생한방병원,병원,서울특별시 양천구 신월로 393 (신정동),37.5227339716903,126.864902574939
385,영업중,목동중앙치과병원,병원,"서울특별시 양천구 목동서로 285, 황금프라자 10층 (신정동)",37.5218566614959,126.869139916545
394,영업중,홍익병원,병원,"서울특별시 양천구 목동로 225, 홍익병원본관 (신정동)",37.5284817220954,126.863640511323
395,영업중,이화여자대학교의과대학부속목동병원,병원,서울특별시 양천구 안양천로 1071 (목동),37.5369818505985,126.886743916495
396,영업중,서울특별시서남병원,병원,서울특별시 양천구 신정이펜1로 20 (신정동),37.5120203521684,126.833131511699
402,영업중,강서바른세상병원,병원,"서울특별시 강서구 금낭화로 9, 바른세상병원 1,2,3,4,5,층 6,7호 (방화동)",37.5661373795288,126.811603359943
403,영업중,에스앤유서울병원,병원,"서울특별시 강서구 공항대로 237, 에이스타워 마곡 3,4,5,6층 (마곡동)",37.5594526887597,126.833912548403
404,영업중,서울원병원,병원,"서울특별시 강서구 강서로 179, 6~10층 (화곡동)",,
405,영업중,원탑병원,병원,"서울특별시 강서구 등촌로 15, 3~6층 (화곡동)",,
406,영업중,힘찬하나로한방병원,병원,"서울특별시 강서구 강서로 173, 터보빌딩 7,8,9층 (화곡동)",37.5419221264693,126.83962220933
407,영업중,더서밋요양병원,병원,"서울특별시 강서구 양천로 715, 지하3층~8층 (염창동)",37.5497887355798,126.87554952333
408,영업중,서울필병원,병원,서울특별시 강서구 강서로 357 (내발산동),37.5576668863222,126.837387751506
409,영업중,강서수한방병원,병원,"서울특별시 강서구 곰달래로 54, 백제빌딩 1~7층 (화곡동)",37.5299550335758,126.838817200469
410,영업중,보금한방병원,병원,"서울특별시 강서구 마곡중앙4로 22, 파인스퀘어 3,4층 (마곡동)",37.5582829549403,126.829009917866
411,영업중,새미래요양병원,병원,서울특별시 강서구 국회대로 233 (화곡동),37.5297526927934,126.860875454603
412,영업중,365강서수요양병원,병원,"서울특별시 강서구 양천로 35, 1~6층 (방화동)",,
413,영업중,무척바른한방병원,병원,"서울특별시 강서구 공항대로 228, 4,5층 (마곡동)",,
414,영업중,면력한방병원,병원,"서울특별시 강서구 마곡중앙6로 93, 열린프라자 6,7,10층 602,603,604,605호 (마곡동)",37.5601356822454,126.837697932979
415,영업중,서울큰나무병원,병원,"서울특별시 강서구 강서로 206, 1층일부,2~6층 (화곡동)",37.5445253885171,126.838042848917
416,영업중,새빛요양병원,병원,"서울특별시 강서구 화곡로61길 109, 2,3층 (등촌동)",,
417,영업중,부민병원,병원,"서울특별시 강서구 공항대로 389, 부민병원 (등촌동)",37.5568628399174,126.850904790759
418,영업중,더와이즈치과병원,병원,"서울특별시 강서구 화곡로 186, 세웅빌딩 1~5,6층일부층 (화곡동)",37.5421792594411,126.842154253168
419,영업중,한걸음요양병원,병원,"서울특별시 중랑구 망우로 316, 이지팰리스 5~7층 503-2,504,505,601~605,701~705호 (상봉동)",37.5965223858128,127.087565034141
420,영업중,솔병원,병원,"서울특별시 강서구 방화대로 352, 1~4층 (방화동)",,
421,영업중,서울스타병원,병원,"서울특별시 강서구 강서로 307, 서울스타병원빌딩 3,4,5,6,7,층 8,9호 (내발산동)",37.5532303968282,126.836227554297
422,영업중,강서케이병원,병원,"서울특별시 강서구 가로공원로 187, 강서케이병원 (화곡동)",37.5373576230977,126.836699017573
423,영업중,강서힘찬병원,병원,"서울특별시 강서구 강서로56길 38, 강서힘찬병원 (등촌동)",37.5591929622171,126.840668886961
424,영업중,우리들병원,병원,서울특별시 강서구 하늘길 70 (과해동),37.5619975959387,126.796364852789
425,영업중,방화병원,병원,"서울특별시 강서구 양천로 92, 지하1, 지상1~6층 층호 (방화동, 방화정형외과)",,
426,영업중,서울고든병원,병원,"서울특별시 강서구 양천로 600, 파인블루빌딩 지하1층,2,7,8층 ,9,10호 (등촌동)",37.5554767520191,126.864673727749
427,영업중,서울바로나치과병원,병원,"서울특별시 강서구 화곡로 176-4, 5층 (화곡동)",37.54165776434,126.841148635684
428,영업중,실로암안과병원,병원,"서울특별시 강서구 등촌로 181 (등촌동, 실로암안과병원)",37.5460169755054,126.86223980574
429,영업중,유광사여성병원,병원,서울특별시 강서구 강서로 194 (화곡동),37.5435916590617,126.838880973474
430,영업중,핑크힐병원,병원,서울특별시 강서구 양천로 712 (염창동),37.5493118670926,126.874810563039
431,영업중,강서필병원,병원,서울특별시 강서구 강서로17길 24 (화곡동),37.5330456397929,126.844183878364
432,영업중,강서365한방병원,병원,"서울특별시 강서구 공항대로45길 15, 상가동 7~11층 (등촌동, 가양역 두산위브)",37.5562925590397,126.854556711293
433,영업중,미즈메디병원,병원,서울특별시 강서구 강서로 295 (내발산동),37.5521827438563,126.835857296727
434,영업중,참요양병원,병원,서울특별시 강서구 강서로 182 (화곡동),37.5428753363456,126.839654113753
435,영업중,미올한방병원,병원,"서울특별시 관악구 남부순환로 1814, 대연빌딩 1,2,6층 (봉천동)",37.4810358154572,126.951566124274
436,영업중,강서송도병원,병원,"서울특별시 강서구 공항대로 315 (등촌동, 서울시니어강서타워)",37.5584986162827,126.842791205411
437,영업중,웰튼병원,병원,"서울특별시 강서구 마곡중앙5로 22, 지하1,2층 4,11,12층호 (마곡동)",,
438,영업중,로고스치과병원,병원,"서울특별시 강서구 공항대로 281, 3층 (등촌동)",37.5588597204818,126.838903221185
439,영업중,척편한병원,병원,"서울특별시 관악구 신림로 318, 4,5층 (신림동, 청암두산위브)",,
440,영업중,비에스코아이비인후과병원,병원,"서울특별시 강서구 강서로 323, 4~8층 (내발산동)",,
445,영업중,치유본한방병원,병원,"서울특별시 강서구 화곡로 188, FAKER TOWER 1,3~8층 (화곡동)",37.542249643073,126.842368303971
446,영업중,이화여자대학교의과대학부속서울병원,병원,"서울특별시 강서구 공항대로 260, 이화의대부속서울병원 (마곡동)",37.5572628621214,126.836266829117
449,영업중,연세사랑병원,병원,"서울특별시 서초구 남부순환로 2205, 지하4층~지상6층 (방배동)",37.4740486964094,126.993730897115
456,영업중,오케이요양병원,병원,"서울특별시 구로구 중앙로 64, 고척프라자 가동 4,5층/나동3,4층 (고척동)",37.5037992525197,126.862833580926
457,영업중,포그니병원,병원,"서울특별시 구로구 경인로 393-7, 일이삼전자타운 2동 6,7층 (고척동)",37.4974421887122,126.86304887653
458,영업중,아나파한방병원,병원,"서울특별시 구로구 중앙로1길 18-18, 2층 (고척동, 신원프라자)",37.4992309400309,126.86358074399
459,영업중,참튼튼병원,병원,"서울특별시 구로구 시흥대로 547, 금강빌딩 지하1,2~10층(구로동), 디지털로32가길 25, 티타운빌딩 B102,103,205,206,302 (구로동)",37.4821357843577,126.900393590898
460,영업중,예스병원,병원,"서울특별시 구로구 구로동로 147, MEDI FLOWER 147 (구로동)",37.4916865049695,126.883400470712
461,영업중,삼성미래여성병원,병원,"서울특별시 구로구 서해안로 2296, 삼성미래여성병원 (오류동)",37.4912413885939,126.84044403086
462,영업중,남서울요양병원,병원,"서울특별시 구로구 남부순환로 1291,  A동1,2,3,4,5,6,7층 B동 5,6,7층 (가리봉동)",37.478889496799,126.894328055278
463,영업중,더세인트요양병원,병원,"서울특별시 구로구 경인로 218, 더세인트빌딩 B1.B중,3~15층 (오류동)",37.4962524857221,126.84516219796
464,영업중,서울브이아이피(VIP)요양병원,병원,"서울특별시 구로구 경인로 297, 오류빌딩 (개봉동)",37.4979712883151,126.853533832351
465,영업중,의료법인 서울효천의료재단 에이치플러스자립병원,병원,"서울특별시 구로구 공원로6가길 4, 고려 수 타워 (구로동)",37.5018900991034,126.891600090782
466,영업중,재단법인 제중의료복지재단 제중요양병원,병원,"서울특별시 구로구 새말로 60, 제중요양병원 지하1,2/1~10층 (구로동)",37.5032247869143,126.886639083503
467,영업중,일로한방병원,병원,"서울특별시 구로구 경인로 176, 501,502,601호 (오류동, 시티월드)",,
468,영업중,연세사랑모아여성병원,병원,서울특별시 구로구 중앙로 100 (고척동),37.5063537038109,126.860612503872
469,영업중,의료법인 우리아이들 의료재단 우리아이들병원,병원,"서울특별시 구로구 새말로 15, 2~10층,11층 일부호 (구로동, 삼전 솔하임)",,
470,영업중,고려대학교의과대학부속구로병원,병원,"서울특별시 구로구 구로동로 148, 고려대부속구로병원 (구로동)",37.4911503253664,126.884511034177
471,영업중,목동현대웰병원,병원,"서울특별시 구로구 중앙로 91, 본소클리닉스 (고척동)",37.5055547409723,126.860424211039
472,영업중,구로성심병원,병원,"서울특별시 구로구 경인로 427, 구로성심병원 (고척동)",37.4996468654605,126.866358244952
473,영업중,아름제일병원,병원,"서울특별시 구로구 새말로 94, 2~6층, 9층 / 새말로 110 지하1층동 3~6층 (구로동)",,
474,영업중,마루치과병원,병원,서울특별시 구로구 새말로 110 (구로동),37.5063356980857,126.892135860271
477,영업중,파라솔요양병원,병원,"서울특별시 금천구 시흥대로73길 67, 엠타워 7,8,9,14,지하2층 (시흥동)",,
478,영업중,구로한방병원,병원,서울특별시 금천구 남부순환로 1398 (독산동),37.4799411238453,126.906136300796
479,영업중,성지병원,병원,서울특별시 금천구 가산로 122 (가산동),37.4765953048742,126.892880007688
480,영업중,새움병원,병원,"서울특별시 금천구 시흥대로139길 8, 새움병원 (독산동)",37.4730528935658,126.897655390325
481,영업중,성신고려요양병원,병원,서울특별시 금천구 범안로 1191 (독산동),37.4667501487741,126.894079953506
482,영업중,서울바른세상병원,병원,"서울특별시 금천구 시흥대로 421 (독산동, 건국빌딩)",37.471161927624,126.897740718324
483,영업중,녹십자요양병원,병원,"서울특별시 금천구 시흥대로 202, 3,4층 (시흥동, 대의빌딩)",,
484,영업중,서울대효병원,병원,"서울특별시 금천구 시흥대로 230, 서평빌딩 5,6,7층 (시흥동)",37.4544284428997,126.901248278856
497,영업중,금천수병원,병원,"서울특별시 금천구 남부순환로 1400, 2~9층 (독산동)",,
501,영업중,조인트힐병원,병원,서울특별시 관악구 난곡로 215 (신림동),37.4737283481113,126.917547423344
502,영업중,희명병원,병원,서울특별시 금천구 시흥대로 244 (시흥동),37.4556715356456,126.900562517447
503,영업중,실버한방병원,병원,서울특별시 금천구 독산로 362 (독산동),37.4790699962508,126.904187930772
527,영업중,연세건우병원,병원,"서울특별시 관악구 남부순환로 1909, 의현빌딩 지하1, 2층~7층층 (봉천동)",37.4781316820455,126.96161997847
538,영업중,강남수요양병원,병원,"서울특별시 관악구 신림로64길 11, 지1층,2~11층 (신림동, 성재빌딩)",37.4851759463482,126.930446219324
540,영업중,명지성모병원,병원,"서울특별시 영등포구 도림로 156, 명지성모병원 (대림동)",37.4938500790525,126.899253678513
541,영업중,씨엠병원,병원,"서울특별시 영등포구 영등포로36길 13 (영등포동4가, 충무병원)",37.5188159086795,126.903875945195
544,영업중,한림대학교 한강성심병원,병원,"서울특별시 영등포구 버드나루로7길 12 (영등포동7가, 한강성심병원)",37.5231765760718,126.909691853641
545,영업중,마리아성모요양병원,병원,"서울특별시 영등포구 영중로 122 (영등포동8가, 일이빌딩)",37.5271336588048,126.905961808226
546,영업중,대림성모병원,병원,"서울특별시 영등포구 시흥대로 657 (대림동, 대림성모병원)",37.4906897932713,126.90716733115
547,영업중,가톨릭대학교 여의도성모병원,병원,"서울특별시 영등포구 63로 10, 여의도성모병원 (여의도동)",37.5182708055078,126.936729826762
548,영업중,한림대학교 강남성심병원,병원,"서울특별시 영등포구 신길로 1 (대림동, 강남성심병원)",37.4932489151953,126.90877588456
549,영업중,건양의료재단 김안과병원,병원,서울특별시 영등포구 영신로 136 (영등포동4가),37.519736114287,126.90148410024
550,영업중,의료법인 인봉의료재단 영등포병원,병원,서울특별시 영등포구 당산로31길 10 (당산동3가),37.526858089517,126.89561402986
551,영업중,신세계서울병원,병원,"서울특별시 영등포구 경인로 841, 서울영등포동4가우체국 2,6,7,9~11층 (영등포동4가)",37.5165301858178,126.90604309721
552,영업중,서울은빛요양병원,병원,서울특별시 영등포구 양평로22사길 9 (양평동5가),37.5408185591679,126.895011615243
554,영업중,성애의료재단 성애병원,병원,"서울특별시 영등포구 여의대방로53길 22 (신길동, 성애병원)",37.5120505408562,126.922369145801
555,영업중,신화요양병원,병원,서울특별시 영등포구 영중로 100 (영등포동7가),37.5251266582293,126.905824841303
556,영업중,영등포봄한방병원,병원,"서울특별시 영등포구 도림로 144, 88월드타워 6, 7층 (대림동)",37.493350148563,126.898142325755
557,영업중,대림요양병원,병원,"서울특별시 영등포구 가마산로 381 (대림동, 한세빌딩)",37.502617398437,126.899771629438
558,영업중,대명요양병원,병원,"서울특별시 영등포구 양평로 99, 지하2, 6~9층 (양평동4가, 대명빌딩)",,
559,영업중,새롬한방병원,병원,"서울특별시 영등포구 도신로 41 (대림동, 코스모메디칼)",37.5051910698892,126.897404679281
560,영업중,새길병원,병원,서울특별시 영등포구 영중로 59 (영등포동6가),37.5216804041338,126.904688334686
561,영업중,의료법인서울효천의료재단 에이치플러스양지병원,병원,"서울특별시 관악구 남부순환로 1636, 양지병원 (신림동)",37.4843693309109,126.932565485407
562,영업중,대윤한방병원,병원,"서울특별시 영등포구 영등포로 358, 대윤메디컬센터 지하1층, 2-5층 (신길동)",37.5143975647918,126.917968268233
563,영업중,서울바른병원,병원,"서울특별시 영등포구 여의대방로 145, 2~7층 (신길동, 세인트빌딩)",,
564,영업중,서울센트럴요양병원,병원,서울특별시 영등포구 경인로 767 (문래동3가),37.5139447760998,126.898656030095
565,영업중,덕수의료재단 서울브레인병원,병원,서울특별시 영등포구 영신로34길 5 (영등포동4가),37.5200612927296,126.901816584428
567,영업중,로하스참사랑요양병원,병원,서울특별시 영등포구 경인로77길 6 (문래동2가),37.5127080700785,126.893347925409
568,영업중,한강수병원,병원,"서울특별시 영등포구 영등포로 83, 한강수병원 (양평동1가)",37.5223803793707,126.890927120461
570,영업중,서울삼성요양병원,병원,"서울특별시 영등포구 선유로 51, 파인그라드빌딩 b1~8층 (문래동6가)",37.5185865301027,126.888708071931
574,영업중,경희우리한방병원,병원,"서울특별시 영등포구 영중로 28, 영등포 점프밀라노 8층 (영등포동3가)",37.5188593197234,126.905868124369
575,영업중,연세베스트요양병원,병원,"서울특별시 영등포구 여의대방로 203 (신길동, 일이빌딩)",37.5053684404988,126.921989045162
578,영업중,따뜻한치과병원,병원,"서울특별시 동작구 동작대로 13, 3층 (사당동)",37.4777838623709,126.981247944297
580,영업중,내이처럼치과병원,병원,"서울특별시 동작구 동작대로27다길 26, 2층 (사당동, 사당동 주상복합)",37.4863158953627,126.980262677064
584,영업중,기분좋은한방병원,병원,"서울특별시 동작구 여의대방로22길 98, 1,2,3,5층 (신대방동)",,
585,영업중,강남푸른숲한방병원,병원,"서울특별시 송파구 삼전로 42, 지하1~6층 (삼전동)",37.5026417727575,127.086978587103
586,영업중,보라매자생한방병원,병원,"서울특별시 동작구 여의대방로 134, 보라매빌딩 (대방동)",37.4988633818978,126.920668387333
587,영업중,낭만병원,병원,서울특별시 동작구 동작대로 67 (사당동),37.4825469938281,126.981480681968
588,영업중,정동병원,병원,서울특별시 동작구 양녕로 283 (상도1동),37.5049498152225,126.949438704753
591,영업중,사랑의병원,병원,"서울특별시 관악구 남부순환로 1860, -1,1,3,4,5층 (봉천동,  )",,
592,영업중,강남힐병원,병원,"서울특별시 관악구 남부순환로 1449, 강남힐병원 (신림동)",37.4816513439454,126.911648078471
593,영업중,강남효요양병원,병원,서울특별시 관악구 남부순환로 1704 (봉천동),37.4830441351628,126.939397101326
594,영업중,심정병원,병원,"서울특별시 관악구 남부순환로 1485, 삼남빌딩 2~6층 (신림동)",37.4823520999904,126.915650135223
595,영업중,관악서울대학교치과병원,병원,"서울특별시 관악구 관악로 1, 지1~3층 (신림동)",37.4662872666604,126.94815644252
596,영업중,장튼위튼병원,병원,서울특별시 관악구 남부순환로 1867 (봉천동),37.4798286942741,126.957305110343
597,영업중,바른사랑병원,병원,"서울특별시 관악구 신원로 35, 삼모 더 프라임 타워 3,7층 (신림동)",37.4823122359729,126.929023376476
602,영업중,서울퍼스트병원,병원,"서울특별시 관악구 은천로 51 (봉천동, 2,3,4,5,6층)",37.4862967199076,126.941249709289
609,영업중,재단법인 동국한방병원,병원,서울특별시 서초구 방배로 186 (방배동),37.4902626318204,126.992381689025
610,영업중,서울귀한이치과병원,병원,"서울특별시 서초구 잠원로 24, 403,404호 (반포동, 반포자이프라자)",,
611,영업중,이건목원리한방병원,병원,"서울특별시 서초구 동작대로 196, 1~3층 (방배동)",,
612,영업중,올바로병원,병원,"서울특별시 서초구 명달로 102, 서원빌딩 1-6층 (서초동)",37.4862288033541,127.004386280268
613,영업중,365엠씨(mc)병원,병원,"서울특별시 서초구 서초중앙로 126, 서울365mc병원 지하1층, 2~13층 (서초동)",37.4929905549467,127.014115205707
614,영업중,의료법인 청해의료재단 제일병원,병원,서울특별시 서초구 서초대로 116 (방배동),37.4878291517951,126.995052679586
615,영업중,강동경희대학교의대병원,병원,서울특별시 강동구 동남로 892 (상일동),37.5520459324005,127.157084787845
616,영업중,의료법인일맥의료재단 강동인애가한방병원,병원,"서울특별시 강동구 성내로6길 15, 인애가한방병원 (성내동)",37.5288611244035,127.122992484929
617,영업중,길인의료재단 기린한방병원,병원,"서울특별시 서초구 신반포로49길 3, 기린한방병원 (잠원동)",37.5110625178086,127.020072750484
618,영업중,가야치과병원,병원,"서울특별시 서초구 방배로 177, 4~6층 (방배동)",,
619,영업중,그레이스셀강남병원,병원,"서울특별시 강남구 논현로2길 30, 지하1층~지상6층 (개포동)",37.4730087736091,127.052731790101
620,영업중,광덕안정한방병원,병원,"서울특별시 서초구 강남대로 309, 코리아비지니스센타 2층 (서초동)",37.490622847029,127.030540330567
621,영업중,유디치과병원,병원,"서울특별시 서초구 강남대로 309, 코리아비지니스센타 3층 (서초동)",37.490622847029,127.030540330567
630,영업중,서울21세기병원,병원,서울특별시 서초구 서초중앙로 39 (서초동),37.4852789881319,127.015712528164
674,영업중,우모한방병원,병원,"서울특별시 강남구 언주로 327, 아폴로빌딩 지하1층~지상7층 (역삼동)",37.4970871925109,127.044978178433
675,영업중,노블케어요양병원,병원,"서울특별시 강남구 언주로 858, 1관, 2관동 (신사동)",,
676,영업중,서울본브릿지병원,병원,"서울특별시 강남구 도곡로 214, 롤스웰빌딩,지하2층, 지하1층, 지상1층 일부, 지상2~7층  (도곡동)",37.4924616496392,127.042417574623
677,영업중,라이브치과병원,병원,"서울특별시 강남구 논현로105길 48, 1,2층 (역삼동)",,
678,영업중,새로운병원,병원,"서울특별시 강남구 학동로 121, 새로운병원빌딩 지하1층일부~7층 (논현동)",37.5122605080308,127.024309875094
679,영업중,튼튼병원,병원,"서울특별시 강남구 영동대로 713, B1~6층, 7층일부,8층 (청담동)",37.5213073708446,127.055749348567
680,영업중,하나이비인후과병원,병원,"서울특별시 강남구 역삼로 245, 지하2층일부 1층일부 2~7층 (역삼동)",37.4979195675135,127.042973993719
681,영업중,메디움강남요양병원,병원,서울특별시 강남구 강남대로 276(도곡동),37.4880439855036,127.032879862602
682,영업중,재단법인대한스포츠의학재단강남나무병원,병원,"서울특별시 강남구 영동대로 225, 경희한방병원 1층일부,2,3,8층 (대치동)",,
683,영업중,소우주한방병원,병원,서울특별시 강남구 논현로16길 15 (개포동),37.4766389151949,127.047484320464
684,영업중,네이처요양병원,병원,"서울특별시 강남구 헌릉로569길 21-40, 지하3~4층, 지하2층일부, 지하1층일부, 지상1층일부, 지상2~8층 (세곡동)",37.4663990069661,127.099727730082
685,영업중,아림치과병원,병원,"서울특별시 강남구 테헤란로87길 13, 서영빌딩 14층 (삼성동)",37.5086333777282,127.058591804414
686,영업중,에스플란트치과병원,병원,"서울특별시 강남구 도산대로 410, 3~8층 (청담동)",,
687,영업중,메드렉스병원,병원,"서울특별시 강남구 논현로 705, 메드렉스병원 (논현동)",37.5148984268352,127.029976515577
688,영업중,윤호병원,병원,"서울특별시 강남구 압구정로 304, 윤호병원 (지하1층,지하2층,1층~4층,7층)  (신사동)",37.5288443792735,127.034414086692
689,영업중,광혜병원,병원,"서울특별시 강남구 영동대로86길 9 (대치동, 지하1~2층,2~7층)",37.508136490079,127.064771981255
690,영업중,아이디병원,병원,"서울특별시 강남구 도산대로 142, 아이디병원 B1층,1,2,3층 (논현동)",37.5176799808097,127.024188449416
691,영업중,강남을지대학교병원,병원,"서울특별시 강남구 도산대로 202, 강남을지병원 B2~9층 (논현동)",37.5194081037449,127.028627227383
692,영업중,서울치과병원,병원,"서울특별시 강남구 언주로165길 5, 3~4층 (신사동)",,
693,영업중,재단법인위담 서울위담한방병원,병원,"서울특별시 강남구 역삼로 430 (대치동, 2층,3층,5층,6층)",37.5014024300089,127.054100822821
694,영업중,포레스트요양병원,병원,"서울특별시 강남구 도산대로 209, 포레스트요양병원 (신사동)",37.5205051577507,127.029390644673
695,영업중,비에비스나무병원,병원,"서울특별시 강남구 논현로 627, 유현빌딩 지하2,1~9,12층 (논현동)",37.5095608802296,127.032357709285
696,영업중,건강한세상앞선치과병원,병원,"서울특별시 강남구 테헤란로87길 36, 도심공항타워 3층 (삼성동)",37.5102336492314,127.058597240146
697,영업중,강남유나이티드병원,병원,"서울특별시 강남구 남부순환로 2609, 하늘빌딩, 7~12층 (도곡동) (도곡동)",37.4849629812617,127.035096207425
698,영업중,수플란트치과병원,병원,"서울특별시 강남구 선릉로 823, 3층 (신사동)",37.5256355438421,127.039342517747
699,영업중,두발로병원,병원,"서울특별시 강남구 압구정로30길 45, 2~4층 (신사동)",,
700,영업중,강남제이에스병원,병원,"서울특별시 강남구 도곡로 122, 제이에스빌딩 (도곡동)",37.4899230700564,127.033722299153
701,영업중,이솝한방병원,병원,"서울특별시 강남구 영동대로96길 34, 대윤빌딩 1층 (삼성동)",37.5111637511888,127.065306310523
702,영업중,미병원,병원,"서울특별시 강남구 논현로168길 35, 목산빌딩, 지하2층, 3~5층 (신사동)",37.5234638548834,127.031207688172
703,영업중,차의과학대학교 강남차병원,병원,"서울특별시 강남구 논현로 566, 강남차병원(역삼동650-9, 606-4, 605외2필지(지하7층~지하1층, 지상2층~7층)) (역삼동)",37.5070324421316,127.034714418284
704,영업중,수치과병원,병원,"서울특별시 강남구 선릉로 823, 3층 (신사동)",37.5256355438421,127.039342517747
705,영업중,자생한방병원,병원,"서울특별시 강남구 강남대로 536, 자생한방병원 (논현동)",37.5100102769414,127.022346212895
706,영업중,청담힐요양병원,병원,"서울특별시 강남구 영동대로 713, 9~14층 (청담동)",,
707,영업중,청담병원,병원,"서울특별시 강남구 삼성로147길 46 (청담동, 청담병원 지하1층, 1층일부, 2층~6층)",37.5207193079382,127.045620972984
708,영업중,담소유병원,병원,"서울특별시 강남구 학동로 234, 담소유빌딩 (논현동)",37.5148604879121,127.03461432013
709,영업중,연치과병원,병원,"서울특별시 강남구 남부순환로 2941, 대치탑프라자 2층 (대치동)",37.4942633335042,127.061934331534
710,영업중,제일정형외과병원,병원,"서울특별시 강남구 영동대로 726, 경일빌딩 1~14층, 지하1~2층, 지하4~5층 (청담동)",37.522820779835,127.05614063947
711,영업중,나누리병원,병원,"서울특별시 강남구 언주로 731, 나누리병원 (논현동)",37.5203066071262,127.033979290041
712,영업중,위담한방병원,병원,"서울특별시 강남구 삼성로 402, 지하2층일부, 2~7층 (대치동)",37.5033679636045,127.058834462033
714,영업중,김정수여러분병원,병원,"서울특별시 강남구 봉은사로 171 (논현동, 지하1층일부,1-5층,6층일부)",37.5072207305514,127.032576001066
715,영업중,석플란트치과병원,병원,"서울특별시 강남구 도산대로 238, 1~14층 (논현동)",,
716,영업중,리봄한방병원,병원,"서울특별시 강남구 학동로50길 7, 2~4,5(일부)층 (논현동)",,
717,영업중,강남베드로병원,병원,"서울특별시 강남구 남부순환로 2649, 베드로병원 (도곡동)",37.4856105587478,127.039585419907
719,영업중,지앤지병원,병원,"서울특별시 강남구 영동대로 626, 2~10층 (삼성동, GNG병원빌딩)",,
720,영업중,무이재한방병원,병원,"서울특별시 강남구 학동로 117, B1~9F층 (논현동)",37.5120753958504,127.023648360433
721,영업중,서울페이스21치과병원,병원,"서울특별시 강남구 강남대로 390, 미진프라자 21층 (역삼동)",37.4978399531903,127.028578846319
722,영업중,미니쉬치과병원,병원,"서울특별시 강남구 언주로 728, 2~5,7~10층 (논현동)",,
723,영업중,모두가행복한연세병원,병원,"서울특별시 강남구 선릉로 751, 카로시티Ⅲ 지하1층, 지상1층~7층 (논현동)",37.5217063100166,127.039228689602
725,영업중,선한목자병원,병원,"서울특별시 강남구 논현로 507 (역삼동, 성지하이츠3차빌딩 2층,3층일부)",37.5015784938059,127.036157208818
726,영업중,강남지인병원,병원,"서울특별시 강남구 언주로 631, 강남지인병원 지하2층. 2~6층 (논현동)",37.5128025510754,127.03506818071
727,영업중,치휴한방병원,병원,"서울특별시 강남구 도곡로 216, 치휴한방병원 (도곡동)",37.4926493098547,127.042721975071
728,영업중,누네안과병원,병원,"서울특별시 강남구 테헤란로 408, 대치빌딩 지상9층~지상17층 (대치동)",37.5044682122431,127.050387028274
753,영업중,더바름치과병원,병원,"서울특별시 송파구 석촌호수로 61, 트리지움상가 201호 (잠실동)",37.5106960472158,127.086224807954
754,영업중,서울힐링요양병원,병원,"서울특별시 송파구 중대로 191, 서울힐링요양병원 (가락동)",37.4990789571513,127.125683181707
755,영업중,서울오브치과병원,병원,"서울특별시 송파구 백제고분로 196, 4층~5층 (삼전동)",37.5039849019726,127.088313655428
756,영업중,포레메디한방병원,병원,"서울특별시 송파구 오금로 129, 지하1층~6층 (방이동)",37.5117031054584,127.109588604754
757,영업중,새숨병원,병원,"서울특별시 송파구 정의로8길 4, KDG70타워 2,3,4층 (문정동)",,
758,영업중,수치과병원,병원,"서울특별시 송파구 중대로 68 (문정동, 훼밀리샤르망 505호)",37.4915653895479,127.116437188825
759,영업중,강철병원,병원,"서울특별시 송파구 백제고분로 252, SH타워 2~8층 (삼전동)",37.5023455834177,127.094296838722
760,영업중,다나움요양병원,병원,"서울특별시 송파구 가락로 278, 지하1층~지상6층 (방이동)",37.5124701632775,127.119851822897
761,영업중,혜민안과병원,병원,서울특별시 송파구 중대로 122 (가락동),37.4938161355984,127.12194328008
762,영업중,케이치과병원,병원,"서울특별시 송파구 올림픽로 319, 사단법인 서울특별시 교통회관 2층 (신천동)",37.5156313294847,127.105600888814
763,영업중,빠른병원,병원,"서울특별시 송파구 백제고분로 405, 유니온테크송파빌딩 (송파동)",37.5074665831574,127.109686124752
770,영업중,학교법인 고려중앙학원 고려대학교의과대학부속병원(안암병원),병원,"서울특별시 성북구 고려대로 73, 고려대병원 (안암동5가)",37.5873771473625,127.026248862202
771,영업중,민트병원,병원,"서울특별시 송파구 정의로8길 7, 한스빌딩 1~4층 (문정동)",37.4862139140168,127.115920525549
772,영업중,국립재활원,병원,"서울특별시 강북구 삼각산로 58 (수유동, 국립재활원)",37.638655704921,127.010264590667
773,영업중,송파미소병원,병원,"서울특별시 송파구 오금로 513, 위례빌딩 지하1~2층, 지상2~8층 (거여동)",37.4932241638816,127.145878722601
789,영업중,경희디에스한방병원,병원,"서울특별시 강동구 구천면로 233, 5층일부,6~7층 (천호동)",37.5416637215789,127.130124238718
790,영업중,연세미래엔미소치과병원,병원,"서울특별시 강동구 상일로10길 36, 2층 202,203호 (상일동, 세종텔레콤지식산업센터)",37.5507989598659,127.174104292142
791,영업중,조은마디병원,병원,서울특별시 강동구 천호대로170길 19 (성내동),37.5343626326079,127.133211287427
792,영업중,강동경희대학교한방병원,병원,서울특별시 강동구 동남로 892 (상일동),37.5520459324005,127.157084787845
793,영업중,강동경희대학교치과병원,병원,서울특별시 강동구 동남로 892 (상일제1동),37.5520459324005,127.157084787845
794,영업중,위드힘병원,병원,"서울특별시 강동구 양재대로 1461, SC MEDI TOWER 2,4,5층 (길동)",37.536390125858,127.139096030275
795,영업중,공안과병원,병원,서울특별시 강동구 풍성로37길 45 (성내동),37.5339148820044,127.126027072458
796,영업중,서울프라임한방병원,병원,"서울특별시 강동구 양재대로 1461, SC MEDI TOWER 6-13층 (길동)",37.536390125858,127.139096030275
797,영업중,서울숲요양병원,병원,"서울특별시 강동구 고덕로 295-60, 원케어메디컬타운 (고덕동)",37.5561204084687,127.158039363963
798,영업중,강동한방병원,병원,서울특별시 강동구 양재대로 1556 (길동),37.5444363560805,127.142764579441
799,영업중,봄담한방병원,병원,"서울특별시 강동구 양재대로 1596, 3~6층 (명일동)",,
800,영업중,더셀채원병원,병원,"서울특별시 강동구 성내로 66, 채원자연통합병원빌딩 (성내동)",37.5276730709425,127.127071180817
801,영업중,아이엠치과병원,병원,"서울특별시 강동구 올림픽로 664, 4층 (천호동, 대우 한강 베네시티)",37.540555377209,127.124975762766
802,영업중,허리나은병원,병원,"서울특별시 강동구 양재대로 1415, 지하4, 지상5층 (성내동)",,
803,영업중,강북휴요양병원,병원,"서울특별시 강북구 도봉로 161, 서울컨벤션웨딩홀 (미아동)",37.6231640287055,127.027006795941
804,영업중,재단법인한국산업보건환경연구소부설 해상병원,병원,서울특별시 영등포구 신길로 173 (신길동),37.5076073919529,126.910726825676
805,영업중,늘찬병원,병원,"서울특별시 중랑구 동일로 643, 화성빌딩 지하1, 2~8층 (면목동)",37.5879908042663,127.079680860838
806,영업중,서울유병원,병원,"서울특별시 강북구 도봉로 77, 지하2층~지하1층, 3층~8층층 (미아동)",37.6160730052361,127.029551791451
808,영업중,서울특별시보라매병원,병원,서울특별시 동작구 보라매로5길 20 (신대방동),37.493013748157,126.924332456243
809,영업중,경희황소한방병원,병원,서울특별시 강북구 도봉로 181(미아동),37.6248559853562,127.026239493091
810,영업중,서울특별시 북부병원,병원,서울특별시 중랑구 양원역로 38 (망우동),37.6043947292607,127.10768066266
811,영업중,의료법인성화의료재단  대한병원,병원,"서울특별시 강북구 도봉로 301 (수유동, 대한병원)",37.6354702517404,127.022673311792
812,영업중,경희생생한방병원,병원,"서울특별시 광진구 동일로 82-1, 생생한방병원 지하1~5층 (자양동)",37.5399452105408,127.063097486136
813,영업중,서울사랑요양병원,병원,"서울특별시 도봉구 삼양로 574, 2~5층 (쌍문동)",,
814,영업중,삼육서울병원,병원,서울특별시 동대문구 망우로 82 (휘경동),37.5862119387672,127.06355328121
816,영업중,달려라병원,병원,"서울특별시 강동구 천호대로 1110, 지하5~지상9층 (성내동)",,
817,영업중,뉴민병원,병원,"서울특별시 서초구 방배로 223, 창생빌딩 2~7층 (방배동)",37.4930421480977,126.989952127779
818,영업중,서초프라임요양병원,병원,서울특별시 서초구 방배천로2길 22 (방배동),37.4767177320479,126.983926472439
819,영업중,서울탑치과병원,병원,"서울특별시 서초구 효령로 261-1, 4,5,6,7층 (서초동)",,
820,영업중,포근한맘요양병원,병원,"서울특별시 도봉구 삼양로 606, 2~5층 (쌍문동)",,
821,영업중,의료법인 상원의료재단 강북힘찬병원,병원,"서울특별시 도봉구 도봉로 446, 강북힘찬병원 (창동)",37.6456625299969,127.033377074805
822,영업중,의료법인정애의료재단서울초이스병원,병원,"서울특별시 송파구 올림픽로 579, 서울초이스병원 지하2층~지상5층 (풍납동)",37.5337963488637,127.121169295968
823,영업중,서울특별시 서부장애인치과병원,병원,"서울특별시 강서구 공항대로 489, 5층 (등촌동)",37.5535154167762,126.861449995331
824,영업중,스카이요양병원,병원,서울특별시 도봉구 방학로 177 (방학동),37.6620238284166,127.032422411787
825,영업중,바로선병원,병원,"서울특별시 도봉구 도봉로 628 (창동, 바로선병원)",37.6603418778017,127.042113640274
826,영업중,서울노보스병원,병원,서울특별시 도봉구 도봉로 755(도봉동),37.6719302785383,127.043634544572
827,영업중,와봄한방병원,병원,"서울특별시 양천구 남부순환로 352, 5~8층 (신월동)",,
828,영업중,어울림병원,병원,"서울특별시 영등포구 영등포로 386 (신길동, 동인빌딩)",37.513304886166,126.920961667237
829,영업중,로이병원,병원,"서울특별시 종로구 평창문화로 75, 글로리아타운 2층일부,3,5층 (평창동)",37.606862635259,126.96900620111
830,영업중,의료법인다나의료재단구로다나병원,병원,"서울특별시 구로구 개봉로 126, 구로다나병원빌딩 (개봉동)",37.4967256249407,126.85697132267
831,영업중,의료법인풍산의료재단동부제일병원,병원,"서울특별시 중랑구 망우로 511, 동부제일병원 지하1~6층 (망우동)",37.6008839257705,127.109547154587
832,영업중,365매일한방병원,병원,"서울특별시 강북구 오패산로 414, 2~4층 (번동)",,
833,영업중,더힐병원,병원,"서울특별시 송파구 송이로 81, 지하2층~지상7층층 (가락동)",37.4987777513439,127.120406004335
834,영업중,바를정한방병원,병원,"서울특별시 관악구 남부순환로 1485, 삼남빌딩 1층, 7층, 8층 (신림동)",37.4823520999904,126.915650135223
835,영업중,서울세계로병원,병원,"서울특별시 송파구 위례서로 248, 지하1층, 2층, 5~12층 (거여동)",37.4866427532962,127.142262855079
836,영업중,대전대학교서울한방병원,병원,"서울특별시 송파구 법원로11길 32, 지하2~1층, 지상5~11층,13층 (문정동)",,
837,영업중,서재곤링커병원,병원,"서울특별시 송파구 백제고분로 436 (송파동, 서재곤링커병원)",37.5094801421052,127.11209162338
838,영업중,세바른병원,병원,서울특별시 서초구 서초중앙로 47 (서초동),37.4859523603823,127.015341691632
839,영업중,잠실자생한방병원,병원,"서울특별시 송파구 충민로 66, 가든파이브라이프 10층 L-10001~4,L-10006~8호 (문정동)",37.4776148442516,127.124961768886
840,영업중,서울석병원,병원,서울특별시 송파구 송이로 148 (가락동),37.4937372920686,127.124025748272
841,영업중,장덕한방병원,병원,"서울특별시 서초구 서초중앙로 42, 블루핀타워 지하2~4층 (서초동)",37.4858656509843,127.016257753357
842,영업중,염창환병원,병원,"서울특별시 송파구 오금로 296, 재정빌딩 지하1층~지상5층 (가락동)",37.5035032192179,127.125376646475
843,영업중,장스여성병원,병원,"서울특별시 중랑구 용마산로117길 49, 장스여성병원 비동 (7층 일부제외)동 (망우동)",37.5997087386745,127.097561434831
844,영업중,민병원,병원,"서울특별시 강북구 도봉로 155, 서울민병원 (미아동)",37.6226164357907,127.027280383769
845,영업중,연세우리병원,병원,"서울특별시 송파구 백제고분로 185, 2~9층 (잠실동)",,
846,영업중,365다시재한방병원,병원,"서울특별시 송파구 위례서로 248, 3층 일부, 4층 (거여동)",37.4866427532962,127.142262855079
847,영업중,강남센트럴요양병원,병원,"서울특별시 송파구 송이로 156, 태정타워 (가락동)",37.4930265157005,127.124598788292
848,영업중,강동우리들요양병원,병원,"서울특별시 강동구 구천면로 202, 행복타워빌딩 B2,2,3,4,6층 (천호동)",37.5401008139262,127.127094757809
849,영업중,서울미즈병원,병원,서울특별시 강동구 천호대로 1043 (천호동),37.537623055094,127.128104569889
850,영업중,양병원,병원,서울특별시 강동구 천호대로 1159 (길동),37.5340665832454,127.140123786539
851,영업중,서울현대요양병원,병원,"서울특별시 강동구 올림픽로 684, 서울현대요양병원 (천호동)",37.542278195613,127.125299088829
852,영업중,시그니처요양병원,병원,서울특별시 송파구 마천로 164 (오금동),37.5035220971088,127.137404429063
853,영업중,올바른서울병원,병원,"서울특별시 강동구 양재대로 1525, 명품빌딩 (천호동)",37.542099851435,127.141295131037
854,영업중,강동기운찬한방병원,병원,"서울특별시 강동구 천호대로 1133, 서울M타워 5,8,9,10층 (길동)",37.5346886394768,127.137512843471
855,영업중,선수촌병원,병원,"서울특별시 송파구 올림픽로 76, J타워 3~7층 (잠실동)",37.5115603565131,127.079181383259
856,영업중,리더스병원,병원,서울특별시 강동구 천호대로 1044 (성내동),37.536946811626,127.127728449459
857,영업중,참잘함한방병원,병원,"서울특별시 강동구 양재대로 1517, 남해빌딩 2층일부, 3~5층 (천호동)",37.5412622469126,127.14087262558
858,영업중,서울안강병원,병원,"서울특별시 서초구 효령로 331, GL(지엘)빌딩 지하1~3층,2~8층 (서초동)",37.4864030082446,127.020354477112
859,영업중,청병원,병원,"서울특별시 강동구 올림픽로 546, G.M.F.빌딩 (성내동)",37.530247187452,127.121022361639
860,영업중,송파드림재활병원,병원,"서울특별시 송파구 송이로 111, B3-6층 (가락동, 청석빌딩)",37.4967487065701,127.122141310018
861,영업중,사랑플러스병원,병원,서울특별시 강동구 양재대로 1580 (명일동),37.5466848586676,127.143605912129
862,영업중,경희생생한방병원,병원,"서울특별시 강서구 공항대로41길 34, 플러스존 3,4층 (등촌동)",37.5592796685251,126.84571196058
863,영업중,성북웰니스요양병원,병원,서울특별시 성북구 보문로 86 (보문동4가),37.5830049665435,127.020950107582
864,영업중,참포도나무병원,병원,서울특별시 서초구 바우뫼로35길 32 (양재동),37.4799289174276,127.038680321903
865,영업중,모커리한방병원,병원,"서울특별시 서초구 서초대로 338, 프로비스타 지하1층 지상2~8층 (서초동)",37.494848257123,127.018624694157
866,영업중,강남요양병원,병원,서울특별시 서초구 서초중앙로 197 (반포동),37.49938882876,127.012084092981
867,영업중,고도일병원,병원,"서울특별시 서초구 강남대로 505 (반포동, 고도일 병원)",37.50701445806,127.0227028296
868,영업중,강남힘찬병원,병원,"서울특별시 송파구 백제고분로 407 (송파동, 지하 2층~7층)",37.5075933501505,127.109884689423
869,영업중,의료법인마리아의료재단마리아병원,병원,"서울특별시 송파구 송이로 152, 마리아 의료재단 새병원 (가락동)",37.4932775569006,127.124408101115
870,영업중,강남수병원,병원,서울특별시 송파구 삼전로2길 11 (삼전동),37.5013402409902,127.086157841705
871,영업중,기쁨병원,병원,"서울특별시 서초구 서초중앙로 4, 기쁨병원 (서초동)",37.482713030212,127.018063486739
872,영업중,한솔병원,병원,"서울특별시 송파구 송파대로 445, 한솔병원 (석촌동)",37.5060777045103,127.105912362918
873,영업중,의료법인일맥의료재단 송파인애가한방병원,병원,"서울특별시 송파구 문정로 65, 인애가한방병원 1,2,4,5,6층 (문정동)",37.4872614776536,127.129490585964
874,영업중,경찰병원,병원,"서울특별시 송파구 송이로 123, 국립경찰병원 (가락동)",37.4964145655333,127.123487484921
875,영업중,송파온요양병원,병원,"서울특별시 송파구 오금로 488, 삼원빌딩 (거여동)",37.4934378022976,127.142922105732
876,영업중,재단법인아산사회복지재단 서울아산병원,병원,"서울특별시 송파구 올림픽로43길 88, 서울아산병원 (풍납동)",37.525171129004,127.109380463701
877,영업중,서울명병원,병원,서울특별시 동대문구 고산자로 421 (용두동),37.5773865518063,127.037921931259
878,영업중,뉴스타트병원,병원,"서울특별시 송파구 송이로 76, 뉴스타트병원 (가락동)",37.4990977042848,127.119513008234
879,영업중,365매일한방병원,병원,"서울특별시 동대문구 천호대로 3, 지하2층, 지상1~2층 (신설동)",37.5753483891625,127.024344406042
880,영업중,조앤조병원,병원,"서울특별시 중랑구 망우로 474 (망우동, 조앤조병원)",37.6003063622164,127.10471509743
881,영업중,연세동작병원,병원,"서울특별시 동작구 성대로 43 (상도동, 우리빌딩)",37.498975188861,126.93366186004
882,영업중,의료법인에이치엠피의료재단녹십초요양병원,병원,서울특별시 동작구 시흥대로 634 (신대방동),37.4883869290855,126.906621894488
883,영업중,중앙대학교병원,병원,서울특별시 동작구 흑석로 102 (흑석동),37.506038005044,126.960421779226
884,영업중,청화병원,병원,서울특별시 동작구 장승배기로 108 (노량진동),37.5071417203086,126.940241260736
885,영업중,강남구립행복요양병원,병원,"서울특별시 강남구 헌릉로590길 60 (세곡동, 강남구립 행복요양병원)",37.4611766303736,127.10332264232
887,영업중,의료법인 춘혜의료재단 명지춘혜재활병원,병원,"서울특별시 영등포구 대림로 223 (대림동, 명지춘혜병원)",37.5006467013969,126.897027181092
888,영업중,연세바른병원,병원,"서울특별시 동작구 사당로 300, 2·4층일부및3  층 (사당동, 이수자이)",,
889,영업중,베이직병원,병원,"서울특별시 도봉구 도봉로 769, 지하2~지하1층, 2~5층 (도봉동)",,
890,영업중,서울대효병원,병원,"서울특별시 강서구 강서로47가길 33, 덕산빌딩 2,3,4,5,6층 (내발산동)",37.5511102446913,126.835762212279
891,영업중,오쿨리한방병원,병원,"서울특별시 송파구 위례성대로22길 27, 데코빌딩 지하3층~4층층 (오금동)",37.5077808278281,127.130371680068
892,영업중,동서요양병원,병원,서울특별시 성북구 동소문로 306 (하월곡동),37.6068849590178,127.028946905185
893,영업중,햇빛병원,병원,서울특별시 강북구 도봉로 74 (미아동),37.6157674743173,127.030285286084
894,영업중,연세대학교의과대학세브란스병원,병원,서울특별시 서대문구 연세로 50-1 (신촌동),37.563674036531,126.941917689273
895,영업중,메디힐병원,병원,"서울특별시 양천구 남부순환로 331 (신월동, 메디힐병원)",37.5372613394638,126.827841386792
896,영업중,삼성서울병원,병원,"서울특별시 강남구 일원로 81 (일원동, 삼성의료원)",37.49034450782,127.089590154403
897,영업중,청담해리슨병원,병원,"서울특별시 강남구 삼성로 646, 마디빌딩 B3~B1,2~9층 (삼성동)",37.5176900181182,127.05118411143
898,영업중,보문효사랑요양병원,병원,서울특별시 성북구 보문로 46 (보문동7가),37.5797357433539,127.022723646794
899,영업중,의료법인유라의료재단 온누리요양병원,병원,서울특별시 성북구 화랑로 271 (장위동),37.6121771414221,127.058864918281
900,영업중,한국원자력의학원원자력병원,병원,"서울특별시 노원구 노원로 75, 한국원자력의학원 (공릉동)",37.6286068147245,127.083017711933
901,영업중,성심의료재단강동성심병원,병원,서울특별시 강동구 성안로 150 (길동),37.5361555499193,127.135335702535
902,영업중,제니스병원,병원,서울특별시 광진구 자양로 215 (구의동),37.5465132167877,127.08644676217
903,영업중,참바로병원,병원,"서울특별시 중구 다산로 258, 리마크빌 동대문 2,3층 (흥인동)",37.5657948536437,127.016623843671
904,영업중,의료법인한전의료재단 한일병원,병원,"서울특별시 도봉구 우이천로 308, 한일병원 (쌍문동)",37.6466848477493,127.029058318974
905,영업중,서울특별시은평병원,병원,서울특별시 은평구 백련산로 90 (응암동),37.5939702620381,126.923210588363
